,Title,Published,Views,Likes,Comments,Month
0,NEW CHESS CHEATING SCANDAL???????????,2023-10-13,15098,1329,49,Oct
1,NEW CHESS CHEATING SCANDAL???????????,2023-10-13,15098,1329,49,Oct
2,NEW CHESS CHEATING SCANDAL???????????,2023-10-13,15098,1329,49,Oct
3,NEW CHESS CHEATING SCANDAL???????????,2023-10-13,15098,1329,49,Oct
4,NEW CHESS CHEATING SCANDAL???????????,2023-10-13,15098,1329,49,Oct
5,NEW CHESS CHEATING SCANDAL???????????,2023-10-13,15098,1329,49,Oct
6,NEW CHESS CHEATING SCANDAL???????????,2023-10-13,15098,1329,49,Oct
7,NEW CHESS CHEATING SCANDAL???????????,2023-10-13,15098,1329,49,Oct
8,NEW CHESS CHEATING SCANDAL???????????,2023-10-13,15098,1329,49,Oct
9,NEW CHESS CHEATING SCANDAL???????????,2023-10-13,15098,1329,49,Oct
10,NEW CHESS CHEATING SCANDAL???????????,2023-10-13,15098,1329,49,Oct
11,NEW CHESS CHEATING SCANDAL???????????,2023-10-13,15098,1329,49,Oct
12,NEW CHESS CHEATING SCANDAL???????????,2023-10-13,15098,1329,49,Oct
13,NEW CHESS CHEATING SCANDAL???????????,2023-10-13,15098,1329,49,Oct
14,NEW CHESS CHEATING SCANDAL???????????,2023-10-13,15098,1329,49,Oct
15,NEW CHESS CHEATING SCANDAL???????????,2023-10-13,15098,1329,49,Oct
16,NEW CHESS CHEATING SCANDAL???????????,2023-10-13,15098,1329,49,Oct
17,NEW CHESS CHEATING SCANDAL???????????,2023-10-13,15098,1329,49,Oct
18,NEW CHESS CHEATING SCANDAL???????????,2023-10-13,15098,1329,49,Oct
19,NEW CHESS CHEATING SCANDAL???????????,2023-10-13,15098,1329,49,Oct
20,NEW CHESS CHEATING SCANDAL???????????,2023-10-13,15098,1329,49,Oct
21,NEW CHESS CHEATING SCANDAL???????????,2023-10-13,15098,1329,49,Oct
22,NEW CHESS CHEATING SCANDAL???????????,2023-10-13,15098,1329,49,Oct
23,NEW CHESS CHEATING SCANDAL???????????,2023-10-13,15098,1329,49,Oct
24,NEW CHESS CHEATING SCANDAL???????????,2023-10-13,15098,1329,49,Oct
25,NEW CHESS CHEATING SCANDAL???????????,2023-10-13,15098,1329,49,Oct
26,NEW CHESS CHEATING SCANDAL???????????,2023-10-13,15098,1329,49,Oct
27,NEW CHESS CHEATING SCANDAL???????????,2023-10-13,15098,1329,49,Oct
28,NEW CHESS CHEATING SCANDAL???????????,2023-10-13,15098,1329,49,Oct
29,NEW CHESS CHEATING SCANDAL???????????,2023-10-13,15098,1329,49,Oct
30,NEW CHESS CHEATING SCANDAL???????????,2023-10-13,15098,1329,49,Oct
31,NEW CHESS CHEATING SCANDAL???????????,2023-10-13,15098,1329,49,Oct
32,NEW CHESS CHEATING SCANDAL???????????,2023-10-13,15098,1329,49,Oct
33,NEW CHESS CHEATING SCANDAL???????????,2023-10-13,15098,1329,49,Oct
34,NEW CHESS CHEATING SCANDAL???????????,2023-10-13,15098,1329,49,Oct
35,NEW CHESS CHEATING SCANDAL???????????,2023-10-13,15098,1329,49,Oct
36,NEW CHESS CHEATING SCANDAL???????????,2023-10-13,15098,1329,49,Oct
37,NEW CHESS CHEATING SCANDAL???????????,2023-10-13,15098,1329,49,Oct
38,NEW CHESS CHEATING SCANDAL???????????,2023-10-13,15098,1329,49,Oct
39,NEW CHESS CHEATING SCANDAL???????????,2023-10-13,15098,1329,49,Oct
40,NEW CHESS CHEATING SCANDAL???????????,2023-10-13,15098,1329,49,Oct
41,NEW CHESS CHEATING SCANDAL???????????,2023-10-13,15098,1329,49,Oct
42,NEW CHESS CHEATING SCANDAL???????????,2023-10-13,15098,1329,49,Oct
43,NEW CHESS CHEATING SCANDAL???????????,2023-10-13,15098,1329,49,Oct
44,NEW CHESS CHEATING SCANDAL???????????,2023-10-13,15098,1329,49,Oct
45,NEW CHESS CHEATING SCANDAL???????????,2023-10-13,15098,1329,49,Oct
46,NEW CHESS CHEATING SCANDAL???????????,2023-10-13,15098,1329,49,Oct
47,NEW CHESS CHEATING SCANDAL???????????,2023-10-13,15098,1329,49,Oct
48,NEW CHESS CHEATING SCANDAL???????????,2023-10-13,15098,1329,49,Oct
49,NEW CHESS CHEATING SCANDAL???????????,2023-10-13,15098,1329,49,Oct
50,IMs Are So Disrespectful,2023-08-13,8217,474,21,Aug
51,IMs Are So Disrespectful,2023-08-13,8217,474,21,Aug
52,IMs Are So Disrespectful,2023-08-13,8217,474,21,Aug
53,IMs Are So Disrespectful,2023-08-13,8217,474,21,Aug
54,IMs Are So Disrespectful,2023-08-13,8217,474,21,Aug
55,IMs Are So Disrespectful,2023-08-13,8217,474,21,Aug
56,IMs Are So Disrespectful,2023-08-13,8217,474,21,Aug
57,IMs Are So Disrespectful,2023-08-13,8217,474,21,Aug
58,IMs Are So Disrespectful,2023-08-13,8217,474,21,Aug
59,IMs Are So Disrespectful,2023-08-13,8217,474,21,Aug
60,IMs Are So Disrespectful,2023-08-13,8217,474,21,Aug
61,IMs Are So Disrespectful,2023-08-13,8217,474,21,Aug
62,IMs Are So Disrespectful,2023-08-13,8217,474,21,Aug
63,IMs Are So Disrespectful,2023-08-13,8217,474,21,Aug
64,IMs Are So Disrespectful,2023-08-13,8217,474,21,Aug
65,IMs Are So Disrespectful,2023-08-13,8217,474,21,Aug
66,IMs Are So Disrespectful,2023-08-13,8217,474,21,Aug
67,IMs Are So Disrespectful,2023-08-13,8217,474,21,Aug
68,IMs Are So Disrespectful,2023-08-13,8217,474,21,Aug
69,IMs Are So Disrespectful,2023-08-13,8217,474,21,Aug
70,IMs Are So Disrespectful,2023-08-13,8217,474,21,Aug
71,IMs Are So Disrespectful,2023-08-13,8217,474,21,Aug
72,IMs Are So Disrespectful,2023-08-13,8217,474,21,Aug
73,IMs Are So Disrespectful,2023-08-13,8217,474,21,Aug
74,IMs Are So Disrespectful,2023-08-13,8217,474,21,Aug
75,IMs Are So Disrespectful,2023-08-13,8217,474,21,Aug
76,IMs Are So Disrespectful,2023-08-13,8217,474,21,Aug
77,IMs Are So Disrespectful,2023-08-13,8217,474,21,Aug
78,IMs Are So Disrespectful,2023-08-13,8217,474,21,Aug
79,IMs Are So Disrespectful,2023-08-13,8217,474,21,Aug
80,IMs Are So Disrespectful,2023-08-13,8217,474,21,Aug
81,IMs Are So Disrespectful,2023-08-13,8217,474,21,Aug
82,IMs Are So Disrespectful,2023-08-13,8217,474,21,Aug
83,IMs Are So Disrespectful,2023-08-13,8217,474,21,Aug
84,IMs Are So Disrespectful,2023-08-13,8217,474,21,Aug
85,IMs Are So Disrespectful,2023-08-13,8217,474,21,Aug
86,IMs Are So Disrespectful,2023-08-13,8217,474,21,Aug
87,IMs Are So Disrespectful,2023-08-13,8217,474,21,Aug
88,IMs Are So Disrespectful,2023-08-13,8217,474,21,Aug
89,IMs Are So Disrespectful,2023-08-13,8217,474,21,Aug
90,IMs Are So Disrespectful,2023-08-13,8217,474,21,Aug
91,IMs Are So Disrespectful,2023-08-13,8217,474,21,Aug
92,IMs Are So Disrespectful,2023-08-13,8217,474,21,Aug
93,IMs Are So Disrespectful,2023-08-13,8217,474,21,Aug
94,IMs Are So Disrespectful,2023-08-13,8217,474,21,Aug
95,IMs Are So Disrespectful,2023-08-13,8217,474,21,Aug
96,IMs Are So Disrespectful,2023-08-13,8217,474,21,Aug
97,IMs Are So Disrespectful,2023-08-13,8217,474,21,Aug
98,IMs Are So Disrespectful,2023-08-13,8217,474,21,Aug
99,IMs Are So Disrespectful,2023-08-13,8217,474,21,Aug
100,If He stalemates...,2023-07-21,77718,4823,47,Jul
101,If He stalemates...,2023-07-21,77718,4823,47,Jul
102,If He stalemates...,2023-07-21,77718,4823,47,Jul
103,If He stalemates...,2023-07-21,77718,4823,47,Jul
104,If He stalemates...,2023-07-21,77718,4823,47,Jul
105,If He stalemates...,2023-07-21,77718,4823,47,Jul
106,If He stalemates...,2023-07-21,77718,4823,47,Jul
107,If He stalemates...,2023-07-21,77718,4823,47,Jul
108,If He stalemates...,2023-07-21,77718,4823,47,Jul
109,If He stalemates...,2023-07-21,77718,4823,47,Jul
110,If He stalemates...,2023-07-21,77718,4823,47,Jul
111,If He stalemates...,2023-07-21,77718,4823,47,Jul
112,If He stalemates...,2023-07-21,77718,4823,47,Jul
113,If He stalemates...,2023-07-21,77718,4823,47,Jul
114,If He stalemates...,2023-07-21,77718,4823,47,Jul
115,If He stalemates...,2023-07-21,77718,4823,47,Jul
116,If He stalemates...,2023-07-21,77718,4823,47,Jul
117,If He stalemates...,2023-07-21,77718,4823,47,Jul
118,If He stalemates...,2023-07-21,77718,4823,47,Jul
119,If He stalemates...,2023-07-21,77718,4823,47,Jul
120,If He stalemates...,2023-07-21,77718,4823,47,Jul
121,If He stalemates...,2023-07-21,77718,4823,47,Jul
122,If He stalemates...,2023-07-21,77718,4823,47,Jul
123,If He stalemates...,2023-07-21,77718,4823,47,Jul
124,If He stalemates...,2023-07-21,77718,4823,47,Jul
125,If He stalemates...,2023-07-21,77718,4823,47,Jul
126,If He stalemates...,2023-07-21,77718,4823,47,Jul
127,If He stalemates...,2023-07-21,77718,4823,47,Jul
128,If He stalemates...,2023-07-21,77718,4823,47,Jul
129,If He stalemates...,2023-07-21,77718,4823,47,Jul
130,If He stalemates...,2023-07-21,77718,4823,47,Jul
131,If He stalemates...,2023-07-21,77718,4823,47,Jul
132,If He stalemates...,2023-07-21,77718,4823,47,Jul
133,If He stalemates...,2023-07-21,77718,4823,47,Jul
134,If He stalemates...,2023-07-21,77718,4823,47,Jul
135,If He stalemates...,2023-07-21,77718,4823,47,Jul
136,If He stalemates...,2023-07-21,77718,4823,47,Jul
137,If He stalemates...,2023-07-21,77718,4823,47,Jul
138,If He stalemates...,2023-07-21,77718,4823,47,Jul
139,If He stalemates...,2023-07-21,77718,4823,47,Jul
140,If He stalemates...,2023-07-21,77718,4823,47,Jul
141,If He stalemates...,2023-07-21,77718,4823,47,Jul
142,If He stalemates...,2023-07-21,77718,4823,47,Jul
143,If He stalemates...,2023-07-21,77718,4823,47,Jul
144,If He stalemates...,2023-07-21,77718,4823,47,Jul
145,If He stalemates...,2023-07-21,77718,4823,47,Jul
146,If He stalemates...,2023-07-21,77718,4823,47,Jul
147,If He stalemates...,2023-07-21,77718,4823,47,Jul
148,If He stalemates...,2023-07-21,77718,4823,47,Jul
149,If He stalemates...,2023-07-21,77718,4823,47,Jul
150,Bullet God Or 400 Elo Chess?,2023-06-26,9551,587,17,Jun
151,Bullet God Or 400 Elo Chess?,2023-06-26,9551,587,17,Jun
152,Bullet God Or 400 Elo Chess?,2023-06-26,9551,587,17,Jun
153,Bullet God Or 400 Elo Chess?,2023-06-26,9551,587,17,Jun
154,Bullet God Or 400 Elo Chess?,2023-06-26,9551,587,17,Jun
155,Bullet God Or 400 Elo Chess?,2023-06-26,9551,587,17,Jun
156,Bullet God Or 400 Elo Chess?,2023-06-26,9551,587,17,Jun
157,Bullet God Or 400 Elo Chess?,2023-06-26,9551,587,17,Jun
158,Bullet God Or 400 Elo Chess?,2023-06-26,9551,587,17,Jun
159,Bullet God Or 400 Elo Chess?,2023-06-26,9551,587,17,Jun
160,Bullet God Or 400 Elo Chess?,2023-06-26,9551,587,17,Jun
161,Bullet God Or 400 Elo Chess?,2023-06-26,9551,587,17,Jun
162,Bullet God Or 400 Elo Chess?,2023-06-26,9551,587,17,Jun
163,Bullet God Or 400 Elo Chess?,2023-06-26,9551,587,17,Jun
164,Bullet God Or 400 Elo Chess?,2023-06-26,9551,587,17,Jun
165,Bullet God Or 400 Elo Chess?,2023-06-26,9551,587,17,Jun
166,Bullet God Or 400 Elo Chess?,2023-06-26,9551,587,17,Jun
167,Bullet God Or 400 Elo Chess?,2023-06-26,9551,587,17,Jun
168,Bullet God Or 400 Elo Chess?,2023-06-26,9551,587,17,Jun
169,Bullet God Or 400 Elo Chess?,2023-06-26,9551,587,17,Jun
170,Bullet God Or 400 Elo Chess?,2023-06-26,9551,587,17,Jun
171,Bullet God Or 400 Elo Chess?,2023-06-26,9551,587,17,Jun
172,Bullet God Or 400 Elo Chess?,2023-06-26,9551,587,17,Jun
173,Bullet God Or 400 Elo Chess?,2023-06-26,9551,587,17,Jun
174,Bullet God Or 400 Elo Chess?,2023-06-26,9551,587,17,Jun
175,Bullet God Or 400 Elo Chess?,2023-06-26,9551,587,17,Jun
176,Bullet God Or 400 Elo Chess?,2023-06-26,9551,587,17,Jun
177,Bullet God Or 400 Elo Chess?,2023-06-26,9551,587,17,Jun
178,Bullet God Or 400 Elo Chess?,2023-06-26,9551,587,17,Jun
179,Bullet God Or 400 Elo Chess?,2023-06-26,9551,587,17,Jun
180,Bullet God Or 400 Elo Chess?,2023-06-26,9551,587,17,Jun
181,Bullet God Or 400 Elo Chess?,2023-06-26,9551,587,17,Jun
182,Bullet God Or 400 Elo Chess?,2023-06-26,9551,587,17,Jun
183,Bullet God Or 400 Elo Chess?,2023-06-26,9551,587,17,Jun
184,Bullet God Or 400 Elo Chess?,2023-06-26,9551,587,17,Jun
185,Bullet God Or 400 Elo Chess?,2023-06-26,9551,587,17,Jun
186,Bullet God Or 400 Elo Chess?,2023-06-26,9551,587,17,Jun
187,Bullet God Or 400 Elo Chess?,2023-06-26,9551,587,17,Jun
188,Bullet God Or 400 Elo Chess?,2023-06-26,9551,587,17,Jun
189,Bullet God Or 400 Elo Chess?,2023-06-26,9551,587,17,Jun
190,Bullet God Or 400 Elo Chess?,2023-06-26,9551,587,17,Jun
191,Bullet God Or 400 Elo Chess?,2023-06-26,9551,587,17,Jun
192,Bullet God Or 400 Elo Chess?,2023-06-26,9551,587,17,Jun
193,Bullet God Or 400 Elo Chess?,2023-06-26,9551,587,17,Jun
194,Bullet God Or 400 Elo Chess?,2023-06-26,9551,587,17,Jun
195,Bullet God Or 400 Elo Chess?,2023-06-26,9551,587,17,Jun
196,Bullet God Or 400 Elo Chess?,2023-06-26,9551,587,17,Jun
197,Bullet God Or 400 Elo Chess?,2023-06-26,9551,587,17,Jun
198,Bullet God Or 400 Elo Chess?,2023-06-26,9551,587,17,Jun
199,Bullet God Or 400 Elo Chess?,2023-06-26,9551,587,17,Jun
200,Perfect Game = Vienna Gambit,2023-06-05,28657,1292,53,Jun
201,Perfect Game = Vienna Gambit,2023-06-05,28657,1292,53,Jun
202,Perfect Game = Vienna Gambit,2023-06-05,28657,1292,53,Jun
203,Perfect Game = Vienna Gambit,2023-06-05,28657,1292,53,Jun
204,Perfect Game = Vienna Gambit,2023-06-05,28657,1292,53,Jun
205,Perfect Game = Vienna Gambit,2023-06-05,28657,1292,53,Jun
206,Perfect Game = Vienna Gambit,2023-06-05,28657,1292,53,Jun
207,Perfect Game = Vienna Gambit,2023-06-05,28657,1292,53,Jun
208,Perfect Game = Vienna Gambit,2023-06-05,28657,1292,53,Jun
209,Perfect Game = Vienna Gambit,2023-06-05,28657,1292,53,Jun
210,Perfect Game = Vienna Gambit,2023-06-05,28657,1292,53,Jun
211,Perfect Game = Vienna Gambit,2023-06-05,28657,1292,53,Jun
212,Perfect Game = Vienna Gambit,2023-06-05,28657,1292,53,Jun
213,Perfect Game = Vienna Gambit,2023-06-05,28657,1292,53,Jun
214,Perfect Game = Vienna Gambit,2023-06-05,28657,1292,53,Jun
215,Perfect Game = Vienna Gambit,2023-06-05,28657,1292,53,Jun
216,Perfect Game = Vienna Gambit,2023-06-05,28657,1292,53,Jun
217,Perfect Game = Vienna Gambit,2023-06-05,28657,1292,53,Jun
218,Perfect Game = Vienna Gambit,2023-06-05,28657,1292,53,Jun
219,Perfect Game = Vienna Gambit,2023-06-05,28657,1292,53,Jun
220,Perfect Game = Vienna Gambit,2023-06-05,28657,1292,53,Jun
221,Perfect Game = Vienna Gambit,2023-06-05,28657,1292,53,Jun
222,Perfect Game = Vienna Gambit,2023-06-05,28657,1292,53,Jun
223,Perfect Game = Vienna Gambit,2023-06-05,28657,1292,53,Jun
224,Perfect Game = Vienna Gambit,2023-06-05,28657,1292,53,Jun
225,Perfect Game = Vienna Gambit,2023-06-05,28657,1292,53,Jun
226,Perfect Game = Vienna Gambit,2023-06-05,28657,1292,53,Jun
227,Perfect Game = Vienna Gambit,2023-06-05,28657,1292,53,Jun
228,Perfect Game = Vienna Gambit,2023-06-05,28657,1292,53,Jun
229,Perfect Game = Vienna Gambit,2023-06-05,28657,1292,53,Jun
230,Perfect Game = Vienna Gambit,2023-06-05,28657,1292,53,Jun
231,Perfect Game = Vienna Gambit,2023-06-05,28657,1292,53,Jun
232,Perfect Game = Vienna Gambit,2023-06-05,28657,1292,53,Jun
233,Perfect Game = Vienna Gambit,2023-06-05,28657,1292,53,Jun
234,Perfect Game = Vienna Gambit,2023-06-05,28657,1292,53,Jun
235,Perfect Game = Vienna Gambit,2023-06-05,28657,1292,53,Jun
236,Perfect Game = Vienna Gambit,2023-06-05,28657,1292,53,Jun
237,Perfect Game = Vienna Gambit,2023-06-05,28657,1292,53,Jun
238,Perfect Game = Vienna Gambit,2023-06-05,28657,1292,53,Jun
239,Perfect Game = Vienna Gambit,2023-06-05,28657,1292,53,Jun
240,Perfect Game = Vienna Gambit,2023-06-05,28657,1292,53,Jun
241,Perfect Game = Vienna Gambit,2023-06-05,28657,1292,53,Jun
242,Perfect Game = Vienna Gambit,2023-06-05,28657,1292,53,Jun
243,Perfect Game = Vienna Gambit,2023-06-05,28657,1292,53,Jun
244,Perfect Game = Vienna Gambit,2023-06-05,28657,1292,53,Jun
245,Perfect Game = Vienna Gambit,2023-06-05,28657,1292,53,Jun
246,Perfect Game = Vienna Gambit,2023-06-05,28657,1292,53,Jun
247,Perfect Game = Vienna Gambit,2023-06-05,28657,1292,53,Jun
248,Perfect Game = Vienna Gambit,2023-06-05,28657,1292,53,Jun
249,Perfect Game = Vienna Gambit,2023-06-05,28657,1292,53,Jun
250,Hold Your Breath,2023-05-18,422925,35030,171,May
251,Hold Your Breath,2023-05-18,422925,35030,171,May
252,Hold Your Breath,2023-05-18,422925,35030,171,May
253,Hold Your Breath,2023-05-18,422925,35030,171,May
254,Hold Your Breath,2023-05-18,422925,35030,171,May
255,Hold Your Breath,2023-05-18,422925,35030,171,May
256,Hold Your Breath,2023-05-18,422925,35030,171,May
257,Hold Your Breath,2023-05-18,422925,35030,171,May
258,Hold Your Breath,2023-05-18,422925,35030,171,May
259,Hold Your Breath,2023-05-18,422925,35030,171,May
260,Hold Your Breath,2023-05-18,422925,35030,171,May
261,Hold Your Breath,2023-05-18,422925,35030,171,May
262,Hold Your Breath,2023-05-18,422925,35030,171,May
263,Hold Your Breath,2023-05-18,422925,35030,171,May
264,Hold Your Breath,2023-05-18,422925,35030,171,May
265,Hold Your Breath,2023-05-18,422925,35030,171,May
266,Hold Your Breath,2023-05-18,422925,35030,171,May
267,Hold Your Breath,2023-05-18,422925,35030,171,May
268,Hold Your Breath,2023-05-18,422925,35030,171,May
269,Hold Your Breath,2023-05-18,422925,35030,171,May
270,Hold Your Breath,2023-05-18,422925,35030,171,May
271,Hold Your Breath,2023-05-18,422925,35030,171,May
272,Hold Your Breath,2023-05-18,422925,35030,171,May
273,Hold Your Breath,2023-05-18,422925,35030,171,May
274,Hold Your Breath,2023-05-18,422925,35030,171,May
275,Hold Your Breath,2023-05-18,422925,35030,171,May
276,Hold Your Breath,2023-05-18,422925,35030,171,May
277,Hold Your Breath,2023-05-18,422925,35030,171,May
278,Hold Your Breath,2023-05-18,422925,35030,171,May
279,Hold Your Breath,2023-05-18,422925,35030,171,May
280,Hold Your Breath,2023-05-18,422925,35030,171,May
281,Hold Your Breath,2023-05-18,422925,35030,171,May
282,Hold Your Breath,2023-05-18,422925,35030,171,May
283,Hold Your Breath,2023-05-18,422925,35030,171,May
284,Hold Your Breath,2023-05-18,422925,35030,171,May
285,Hold Your Breath,2023-05-18,422925,35030,171,May
286,Hold Your Breath,2023-05-18,422925,35030,171,May
287,Hold Your Breath,2023-05-18,422925,35030,171,May
288,Hold Your Breath,2023-05-18,422925,35030,171,May
289,Hold Your Breath,2023-05-18,422925,35030,171,May
290,Hold Your Breath,2023-05-18,422925,35030,171,May
291,Hold Your Breath,2023-05-18,422925,35030,171,May
292,Hold Your Breath,2023-05-18,422925,35030,171,May
293,Hold Your Breath,2023-05-18,422925,35030,171,May
294,Hold Your Breath,2023-05-18,422925,35030,171,May
295,Hold Your Breath,2023-05-18,422925,35030,171,May
296,Hold Your Breath,2023-05-18,422925,35030,171,May
297,Hold Your Breath,2023-05-18,422925,35030,171,May
298,Hold Your Breath,2023-05-18,422925,35030,171,May
299,Hold Your Breath,2023-05-18,422925,35030,171,May
300,why?,2023-04-27,86903,3161,147,Apr
301,why?,2023-04-27,86903,3161,147,Apr
302,why?,2023-04-27,86903,3161,147,Apr
303,why?,2023-04-27,86903,3161,147,Apr
304,why?,2023-04-27,86903,3161,147,Apr
305,why?,2023-04-27,86903,3161,147,Apr
306,why?,2023-04-27,86903,3161,147,Apr
307,why?,2023-04-27,86903,3161,147,Apr
308,why?,2023-04-27,86903,3161,147,Apr
309,why?,2023-04-27,86903,3161,147,Apr
310,why?,2023-04-27,86903,3161,147,Apr
311,why?,2023-04-27,86903,3161,147,Apr
312,why?,2023-04-27,86903,3161,147,Apr
313,why?,2023-04-27,86903,3161,147,Apr
314,why?,2023-04-27,86903,3161,147,Apr
315,why?,2023-04-27,86903,3161,147,Apr
316,why?,2023-04-27,86903,3161,147,Apr
317,why?,2023-04-27,86903,3161,147,Apr
318,why?,2023-04-27,86903,3161,147,Apr
319,why?,2023-04-27,86903,3161,147,Apr
320,why?,2023-04-27,86903,3161,147,Apr
321,why?,2023-04-27,86903,3161,147,Apr
322,why?,2023-04-27,86903,3161,147,Apr
323,why?,2023-04-27,86903,3161,147,Apr
324,why?,2023-04-27,86903,3161,147,Apr
325,why?,2023-04-27,86903,3161,147,Apr
326,why?,2023-04-27,86903,3161,147,Apr
327,why?,2023-04-27,86903,3161,147,Apr
328,why?,2023-04-27,86903,3161,147,Apr
329,why?,2023-04-27,86903,3161,147,Apr
330,why?,2023-04-27,86903,3161,147,Apr
331,why?,2023-04-27,86903,3161,147,Apr
332,why?,2023-04-27,86903,3161,147,Apr
333,why?,2023-04-27,86903,3161,147,Apr
334,why?,2023-04-27,86903,3161,147,Apr
335,why?,2023-04-27,86903,3161,147,Apr
336,why?,2023-04-27,86903,3161,147,Apr
337,why?,2023-04-27,86903,3161,147,Apr
338,why?,2023-04-27,86903,3161,147,Apr
339,why?,2023-04-27,86903,3161,147,Apr
340,why?,2023-04-27,86903,3161,147,Apr
341,why?,2023-04-27,86903,3161,147,Apr
342,why?,2023-04-27,86903,3161,147,Apr
343,why?,2023-04-27,86903,3161,147,Apr
344,why?,2023-04-27,86903,3161,147,Apr
345,why?,2023-04-27,86903,3161,147,Apr
346,why?,2023-04-27,86903,3161,147,Apr
347,why?,2023-04-27,86903,3161,147,Apr
348,why?,2023-04-27,86903,3161,147,Apr
349,why?,2023-04-27,86903,3161,147,Apr
350,Why Levy Is The #1 Chess Youtuber,2023-04-06,32559,1874,61,Apr
351,Why Levy Is The #1 Chess Youtuber,2023-04-06,32559,1874,61,Apr
352,Why Levy Is The #1 Chess Youtuber,2023-04-06,32559,1874,61,Apr
353,Why Levy Is The #1 Chess Youtuber,2023-04-06,32559,1874,61,Apr
354,Why Levy Is The #1 Chess Youtuber,2023-04-06,32559,1874,61,Apr
355,Why Levy Is The #1 Chess Youtuber,2023-04-06,32559,1874,61,Apr
356,Why Levy Is The #1 Chess Youtuber,2023-04-06,32559,1874,61,Apr
357,Why Levy Is The #1 Chess Youtuber,2023-04-06,32559,1874,61,Apr
358,Why Levy Is The #1 Chess Youtuber,2023-04-06,32559,1874,61,Apr
359,Why Levy Is The #1 Chess Youtuber,2023-04-06,32559,1874,61,Apr
360,Why Levy Is The #1 Chess Youtuber,2023-04-06,32559,1874,61,Apr
361,Why Levy Is The #1 Chess Youtuber,2023-04-06,32559,1874,61,Apr
362,Why Levy Is The #1 Chess Youtuber,2023-04-06,32559,1874,61,Apr
363,Why Levy Is The #1 Chess Youtuber,2023-04-06,32559,1874,61,Apr
364,Why Levy Is The #1 Chess Youtuber,2023-04-06,32559,1874,61,Apr
365,Why Levy Is The #1 Chess Youtuber,2023-04-06,32559,1874,61,Apr
366,Why Levy Is The #1 Chess Youtuber,2023-04-06,32559,1874,61,Apr
367,Why Levy Is The #1 Chess Youtuber,2023-04-06,32559,1874,61,Apr
368,Why Levy Is The #1 Chess Youtuber,2023-04-06,32559,1874,61,Apr
369,Why Levy Is The #1 Chess Youtuber,2023-04-06,32559,1874,61,Apr
370,Why Levy Is The #1 Chess Youtuber,2023-04-06,32559,1874,61,Apr
371,Why Levy Is The #1 Chess Youtuber,2023-04-06,32559,1874,61,Apr
372,Why Levy Is The #1 Chess Youtuber,2023-04-06,32559,1874,61,Apr
373,Why Levy Is The #1 Chess Youtuber,2023-04-06,32559,1874,61,Apr
374,Why Levy Is The #1 Chess Youtuber,2023-04-06,32559,1874,61,Apr
375,Why Levy Is The #1 Chess Youtuber,2023-04-06,32559,1874,61,Apr
376,Why Levy Is The #1 Chess Youtuber,2023-04-06,32559,1874,61,Apr
377,Why Levy Is The #1 Chess Youtuber,2023-04-06,32559,1874,61,Apr
378,Why Levy Is The #1 Chess Youtuber,2023-04-06,32559,1874,61,Apr
379,Why Levy Is The #1 Chess Youtuber,2023-04-06,32559,1874,61,Apr
380,Why Levy Is The #1 Chess Youtuber,2023-04-06,32559,1874,61,Apr
381,Why Levy Is The #1 Chess Youtuber,2023-04-06,32559,1874,61,Apr
382,Why Levy Is The #1 Chess Youtuber,2023-04-06,32559,1874,61,Apr
383,Why Levy Is The #1 Chess Youtuber,2023-04-06,32559,1874,61,Apr
384,Why Levy Is The #1 Chess Youtuber,2023-04-06,32559,1874,61,Apr
385,Why Levy Is The #1 Chess Youtuber,2023-04-06,32559,1874,61,Apr
386,Why Levy Is The #1 Chess Youtuber,2023-04-06,32559,1874,61,Apr
387,Why Levy Is The #1 Chess Youtuber,2023-04-06,32559,1874,61,Apr
388,Why Levy Is The #1 Chess Youtuber,2023-04-06,32559,1874,61,Apr
389,Why Levy Is The #1 Chess Youtuber,2023-04-06,32559,1874,61,Apr
390,Why Levy Is The #1 Chess Youtuber,2023-04-06,32559,1874,61,Apr
391,Why Levy Is The #1 Chess Youtuber,2023-04-06,32559,1874,61,Apr
392,Why Levy Is The #1 Chess Youtuber,2023-04-06,32559,1874,61,Apr
393,Why Levy Is The #1 Chess Youtuber,2023-04-06,32559,1874,61,Apr
394,Why Levy Is The #1 Chess Youtuber,2023-04-06,32559,1874,61,Apr
395,Why Levy Is The #1 Chess Youtuber,2023-04-06,32559,1874,61,Apr
396,Why Levy Is The #1 Chess Youtuber,2023-04-06,32559,1874,61,Apr
397,Why Levy Is The #1 Chess Youtuber,2023-04-06,32559,1874,61,Apr
398,Why Levy Is The #1 Chess Youtuber,2023-04-06,32559,1874,61,Apr
399,Why Levy Is The #1 Chess Youtuber,2023-04-06,32559,1874,61,Apr
400,2500 Misses Mate In 1,2023-03-17,52546,1760,48,Mar
401,2500 Misses Mate In 1,2023-03-17,52546,1760,48,Mar
402,2500 Misses Mate In 1,2023-03-17,52546,1760,48,Mar
403,2500 Misses Mate In 1,2023-03-17,52546,1760,48,Mar
404,2500 Misses Mate In 1,2023-03-17,52546,1760,48,Mar
405,2500 Misses Mate In 1,2023-03-17,52546,1760,48,Mar
406,2500 Misses Mate In 1,2023-03-17,52546,1760,48,Mar
407,2500 Misses Mate In 1,2023-03-17,52546,1760,48,Mar
408,2500 Misses Mate In 1,2023-03-17,52546,1760,48,Mar
409,2500 Misses Mate In 1,2023-03-17,52546,1760,48,Mar
410,2500 Misses Mate In 1,2023-03-17,52546,1760,48,Mar
411,2500 Misses Mate In 1,2023-03-17,52546,1760,48,Mar
412,2500 Misses Mate In 1,2023-03-17,52546,1760,48,Mar
413,2500 Misses Mate In 1,2023-03-17,52546,1760,48,Mar
414,2500 Misses Mate In 1,2023-03-17,52546,1760,48,Mar
415,2500 Misses Mate In 1,2023-03-17,52546,1760,48,Mar
416,2500 Misses Mate In 1,2023-03-17,52546,1760,48,Mar
417,2500 Misses Mate In 1,2023-03-17,52546,1760,48,Mar
418,2500 Misses Mate In 1,2023-03-17,52546,1760,48,Mar
419,2500 Misses Mate In 1,2023-03-17,52546,1760,48,Mar
420,2500 Misses Mate In 1,2023-03-17,52546,1760,48,Mar
421,2500 Misses Mate In 1,2023-03-17,52546,1760,48,Mar
422,2500 Misses Mate In 1,2023-03-17,52546,1760,48,Mar
423,2500 Misses Mate In 1,2023-03-17,52546,1760,48,Mar
424,2500 Misses Mate In 1,2023-03-17,52546,1760,48,Mar
425,2500 Misses Mate In 1,2023-03-17,52546,1760,48,Mar
426,2500 Misses Mate In 1,2023-03-17,52546,1760,48,Mar
427,2500 Misses Mate In 1,2023-03-17,52546,1760,48,Mar
428,2500 Misses Mate In 1,2023-03-17,52546,1760,48,Mar
429,2500 Misses Mate In 1,2023-03-17,52546,1760,48,Mar
430,2500 Misses Mate In 1,2023-03-17,52546,1760,48,Mar
431,2500 Misses Mate In 1,2023-03-17,52546,1760,48,Mar
432,2500 Misses Mate In 1,2023-03-17,52546,1760,48,Mar
433,2500 Misses Mate In 1,2023-03-17,52546,1760,48,Mar
434,2500 Misses Mate In 1,2023-03-17,52546,1760,48,Mar
435,2500 Misses Mate In 1,2023-03-17,52546,1760,48,Mar
436,2500 Misses Mate In 1,2023-03-17,52546,1760,48,Mar
437,2500 Misses Mate In 1,2023-03-17,52546,1760,48,Mar
438,2500 Misses Mate In 1,2023-03-17,52546,1760,48,Mar
439,2500 Misses Mate In 1,2023-03-17,52546,1760,48,Mar
440,2500 Misses Mate In 1,2023-03-17,52546,1760,48,Mar
441,2500 Misses Mate In 1,2023-03-17,52546,1760,48,Mar
442,2500 Misses Mate In 1,2023-03-17,52546,1760,48,Mar
443,2500 Misses Mate In 1,2023-03-17,52546,1760,48,Mar
444,2500 Misses Mate In 1,2023-03-17,52546,1760,48,Mar
445,2500 Misses Mate In 1,2023-03-17,52546,1760,48,Mar
446,2500 Misses Mate In 1,2023-03-17,52546,1760,48,Mar
447,2500 Misses Mate In 1,2023-03-17,52546,1760,48,Mar
448,2500 Misses Mate In 1,2023-03-17,52546,1760,48,Mar
449,2500 Misses Mate In 1,2023-03-17,52546,1760,48,Mar
450,Levy Plays The #1 Bullet Player,2023-02-26,334316,7995,269,Feb
451,Levy Plays The #1 Bullet Player,2023-02-26,334316,7995,269,Feb
452,Levy Plays The #1 Bullet Player,2023-02-26,334316,7995,269,Feb
453,Levy Plays The #1 Bullet Player,2023-02-26,334316,7995,269,Feb
454,Levy Plays The #1 Bullet Player,2023-02-26,334316,7995,269,Feb
455,Levy Plays The #1 Bullet Player,2023-02-26,334316,7995,269,Feb
456,Levy Plays The #1 Bullet Player,2023-02-26,334316,7995,269,Feb
457,Levy Plays The #1 Bullet Player,2023-02-26,334316,7995,269,Feb
458,Levy Plays The #1 Bullet Player,2023-02-26,334316,7995,269,Feb
459,Levy Plays The #1 Bullet Player,2023-02-26,334316,7995,269,Feb
460,Levy Plays The #1 Bullet Player,2023-02-26,334316,7995,269,Feb
461,Levy Plays The #1 Bullet Player,2023-02-26,334316,7995,269,Feb
462,Levy Plays The #1 Bullet Player,2023-02-26,334316,7995,269,Feb
463,Levy Plays The #1 Bullet Player,2023-02-26,334316,7995,269,Feb
464,Levy Plays The #1 Bullet Player,2023-02-26,334316,7995,269,Feb
465,Levy Plays The #1 Bullet Player,2023-02-26,334316,7995,269,Feb
466,Levy Plays The #1 Bullet Player,2023-02-26,334316,7995,269,Feb
467,Levy Plays The #1 Bullet Player,2023-02-26,334316,7995,269,Feb
468,Levy Plays The #1 Bullet Player,2023-02-26,334316,7995,269,Feb
469,Levy Plays The #1 Bullet Player,2023-02-26,334316,7995,269,Feb
470,Levy Plays The #1 Bullet Player,2023-02-26,334316,7995,269,Feb
471,Levy Plays The #1 Bullet Player,2023-02-26,334316,7995,269,Feb
472,Levy Plays The #1 Bullet Player,2023-02-26,334316,7995,269,Feb
473,Levy Plays The #1 Bullet Player,2023-02-26,334316,7995,269,Feb
474,Levy Plays The #1 Bullet Player,2023-02-26,334316,7995,269,Feb
475,Levy Plays The #1 Bullet Player,2023-02-26,334316,7995,269,Feb
476,Levy Plays The #1 Bullet Player,2023-02-26,334316,7995,269,Feb
477,Levy Plays The #1 Bullet Player,2023-02-26,334316,7995,269,Feb
478,Levy Plays The #1 Bullet Player,2023-02-26,334316,7995,269,Feb
479,Levy Plays The #1 Bullet Player,2023-02-26,334316,7995,269,Feb
480,Levy Plays The #1 Bullet Player,2023-02-26,334316,7995,269,Feb
481,Levy Plays The #1 Bullet Player,2023-02-26,334316,7995,269,Feb
482,Levy Plays The #1 Bullet Player,2023-02-26,334316,7995,269,Feb
483,Levy Plays The #1 Bullet Player,2023-02-26,334316,7995,269,Feb
484,Levy Plays The #1 Bullet Player,2023-02-26,334316,7995,269,Feb
485,Levy Plays The #1 Bullet Player,2023-02-26,334316,7995,269,Feb
486,Levy Plays The #1 Bullet Player,2023-02-26,334316,7995,269,Feb
487,Levy Plays The #1 Bullet Player,2023-02-26,334316,7995,269,Feb
488,Levy Plays The #1 Bullet Player,2023-02-26,334316,7995,269,Feb
489,Levy Plays The #1 Bullet Player,2023-02-26,334316,7995,269,Feb
490,Levy Plays The #1 Bullet Player,2023-02-26,334316,7995,269,Feb
491,Levy Plays The #1 Bullet Player,2023-02-26,334316,7995,269,Feb
492,Levy Plays The #1 Bullet Player,2023-02-26,334316,7995,269,Feb
493,Levy Plays The #1 Bullet Player,2023-02-26,334316,7995,269,Feb
494,Levy Plays The #1 Bullet Player,2023-02-26,334316,7995,269,Feb
495,Levy Plays The #1 Bullet Player,2023-02-26,334316,7995,269,Feb
496,Levy Plays The #1 Bullet Player,2023-02-26,334316,7995,269,Feb
497,Levy Plays The #1 Bullet Player,2023-02-26,334316,7995,269,Feb
498,Levy Plays The #1 Bullet Player,2023-02-26,334316,7995,269,Feb
499,Levy Plays The #1 Bullet Player,2023-02-26,334316,7995,269,Feb
500,Levy Plays Andrea Botez,2023-02-09,139264,3663,156,Feb
501,Levy Plays Andrea Botez,2023-02-09,139264,3663,156,Feb
502,Levy Plays Andrea Botez,2023-02-09,139264,3663,156,Feb
503,Levy Plays Andrea Botez,2023-02-09,139264,3663,156,Feb
504,Levy Plays Andrea Botez,2023-02-09,139264,3663,156,Feb
505,Levy Plays Andrea Botez,2023-02-09,139264,3663,156,Feb
506,Levy Plays Andrea Botez,2023-02-09,139264,3663,156,Feb
507,Levy Plays Andrea Botez,2023-02-09,139264,3663,156,Feb
508,Levy Plays Andrea Botez,2023-02-09,139264,3663,156,Feb
509,Levy Plays Andrea Botez,2023-02-09,139264,3663,156,Feb
510,Levy Plays Andrea Botez,2023-02-09,139264,3663,156,Feb
511,Levy Plays Andrea Botez,2023-02-09,139264,3663,156,Feb
512,Levy Plays Andrea Botez,2023-02-09,139264,3663,156,Feb
513,Levy Plays Andrea Botez,2023-02-09,139264,3663,156,Feb
514,Levy Plays Andrea Botez,2023-02-09,139264,3663,156,Feb
515,Levy Plays Andrea Botez,2023-02-09,139264,3663,156,Feb
516,Levy Plays Andrea Botez,2023-02-09,139264,3663,156,Feb
517,Levy Plays Andrea Botez,2023-02-09,139264,3663,156,Feb
518,Levy Plays Andrea Botez,2023-02-09,139264,3663,156,Feb
519,Levy Plays Andrea Botez,2023-02-09,139264,3663,156,Feb
520,Levy Plays Andrea Botez,2023-02-09,139264,3663,156,Feb
521,Levy Plays Andrea Botez,2023-02-09,139264,3663,156,Feb
522,Levy Plays Andrea Botez,2023-02-09,139264,3663,156,Feb
523,Levy Plays Andrea Botez,2023-02-09,139264,3663,156,Feb
524,Levy Plays Andrea Botez,2023-02-09,139264,3663,156,Feb
525,Levy Plays Andrea Botez,2023-02-09,139264,3663,156,Feb
526,Levy Plays Andrea Botez,2023-02-09,139264,3663,156,Feb
527,Levy Plays Andrea Botez,2023-02-09,139264,3663,156,Feb
528,Levy Plays Andrea Botez,2023-02-09,139264,3663,156,Feb
529,Levy Plays Andrea Botez,2023-02-09,139264,3663,156,Feb
530,Levy Plays Andrea Botez,2023-02-09,139264,3663,156,Feb
531,Levy Plays Andrea Botez,2023-02-09,139264,3663,156,Feb
532,Levy Plays Andrea Botez,2023-02-09,139264,3663,156,Feb
533,Levy Plays Andrea Botez,2023-02-09,139264,3663,156,Feb
534,Levy Plays Andrea Botez,2023-02-09,139264,3663,156,Feb
535,Levy Plays Andrea Botez,2023-02-09,139264,3663,156,Feb
536,Levy Plays Andrea Botez,2023-02-09,139264,3663,156,Feb
537,Levy Plays Andrea Botez,2023-02-09,139264,3663,156,Feb
538,Levy Plays Andrea Botez,2023-02-09,139264,3663,156,Feb
539,Levy Plays Andrea Botez,2023-02-09,139264,3663,156,Feb
540,Levy Plays Andrea Botez,2023-02-09,139264,3663,156,Feb
541,Levy Plays Andrea Botez,2023-02-09,139264,3663,156,Feb
542,Levy Plays Andrea Botez,2023-02-09,139264,3663,156,Feb
543,Levy Plays Andrea Botez,2023-02-09,139264,3663,156,Feb
544,Levy Plays Andrea Botez,2023-02-09,139264,3663,156,Feb
545,Levy Plays Andrea Botez,2023-02-09,139264,3663,156,Feb
546,Levy Plays Andrea Botez,2023-02-09,139264,3663,156,Feb
547,Levy Plays Andrea Botez,2023-02-09,139264,3663,156,Feb
548,Levy Plays Andrea Botez,2023-02-09,139264,3663,156,Feb
549,Levy Plays Andrea Botez,2023-02-09,139264,3663,156,Feb
550,BRILLIANT,2023-01-25,657223,50292,221,Jan
551,BRILLIANT,2023-01-25,657223,50292,221,Jan
552,BRILLIANT,2023-01-25,657223,50292,221,Jan
553,BRILLIANT,2023-01-25,657223,50292,221,Jan
554,BRILLIANT,2023-01-25,657223,50292,221,Jan
555,BRILLIANT,2023-01-25,657223,50292,221,Jan
556,BRILLIANT,2023-01-25,657223,50292,221,Jan
557,BRILLIANT,2023-01-25,657223,50292,221,Jan
558,BRILLIANT,2023-01-25,657223,50292,221,Jan
559,BRILLIANT,2023-01-25,657223,50292,221,Jan
560,BRILLIANT,2023-01-25,657223,50292,221,Jan
561,BRILLIANT,2023-01-25,657223,50292,221,Jan
562,BRILLIANT,2023-01-25,657223,50292,221,Jan
563,BRILLIANT,2023-01-25,657223,50292,221,Jan
564,BRILLIANT,2023-01-25,657223,50292,221,Jan
565,BRILLIANT,2023-01-25,657223,50292,221,Jan
566,BRILLIANT,2023-01-25,657223,50292,221,Jan
567,BRILLIANT,2023-01-25,657223,50292,221,Jan
568,BRILLIANT,2023-01-25,657223,50292,221,Jan
569,BRILLIANT,2023-01-25,657223,50292,221,Jan
570,BRILLIANT,2023-01-25,657223,50292,221,Jan
571,BRILLIANT,2023-01-25,657223,50292,221,Jan
572,BRILLIANT,2023-01-25,657223,50292,221,Jan
573,BRILLIANT,2023-01-25,657223,50292,221,Jan
574,BRILLIANT,2023-01-25,657223,50292,221,Jan
575,BRILLIANT,2023-01-25,657223,50292,221,Jan
576,BRILLIANT,2023-01-25,657223,50292,221,Jan
577,BRILLIANT,2023-01-25,657223,50292,221,Jan
578,BRILLIANT,2023-01-25,657223,50292,221,Jan
579,BRILLIANT,2023-01-25,657223,50292,221,Jan
580,BRILLIANT,2023-01-25,657223,50292,221,Jan
581,BRILLIANT,2023-01-25,657223,50292,221,Jan
582,BRILLIANT,2023-01-25,657223,50292,221,Jan
583,BRILLIANT,2023-01-25,657223,50292,221,Jan
584,BRILLIANT,2023-01-25,657223,50292,221,Jan
585,BRILLIANT,2023-01-25,657223,50292,221,Jan
586,BRILLIANT,2023-01-25,657223,50292,221,Jan
587,BRILLIANT,2023-01-25,657223,50292,221,Jan
588,BRILLIANT,2023-01-25,657223,50292,221,Jan
589,BRILLIANT,2023-01-25,657223,50292,221,Jan
590,BRILLIANT,2023-01-25,657223,50292,221,Jan
591,BRILLIANT,2023-01-25,657223,50292,221,Jan
592,BRILLIANT,2023-01-25,657223,50292,221,Jan
593,BRILLIANT,2023-01-25,657223,50292,221,Jan
594,BRILLIANT,2023-01-25,657223,50292,221,Jan
595,BRILLIANT,2023-01-25,657223,50292,221,Jan
596,BRILLIANT,2023-01-25,657223,50292,221,Jan
597,BRILLIANT,2023-01-25,657223,50292,221,Jan
598,BRILLIANT,2023-01-25,657223,50292,221,Jan
599,BRILLIANT,2023-01-25,657223,50292,221,Jan
600,Levy Broke Mittens,2023-01-07,312932,6964,150,Jan
601,Levy Broke Mittens,2023-01-07,312932,6964,150,Jan
602,Levy Broke Mittens,2023-01-07,312932,6964,150,Jan
603,Levy Broke Mittens,2023-01-07,312932,6964,150,Jan
604,Levy Broke Mittens,2023-01-07,312932,6964,150,Jan
605,Levy Broke Mittens,2023-01-07,312932,6964,150,Jan
606,Levy Broke Mittens,2023-01-07,312932,6964,150,Jan
607,Levy Broke Mittens,2023-01-07,312932,6964,150,Jan
608,Levy Broke Mittens,2023-01-07,312932,6964,150,Jan
609,Levy Broke Mittens,2023-01-07,312932,6964,150,Jan
610,Levy Broke Mittens,2023-01-07,312932,6964,150,Jan
611,Levy Broke Mittens,2023-01-07,312932,6964,150,Jan
612,Levy Broke Mittens,2023-01-07,312932,6964,150,Jan
613,Levy Broke Mittens,2023-01-07,312932,6964,150,Jan
614,Levy Broke Mittens,2023-01-07,312932,6964,150,Jan
615,Levy Broke Mittens,2023-01-07,312932,6964,150,Jan
616,Levy Broke Mittens,2023-01-07,312932,6964,150,Jan
617,Levy Broke Mittens,2023-01-07,312932,6964,150,Jan
618,Levy Broke Mittens,2023-01-07,312932,6964,150,Jan
619,Levy Broke Mittens,2023-01-07,312932,6964,150,Jan
620,Levy Broke Mittens,2023-01-07,312932,6964,150,Jan
621,Levy Broke Mittens,2023-01-07,312932,6964,150,Jan
622,Levy Broke Mittens,2023-01-07,312932,6964,150,Jan
623,Levy Broke Mittens,2023-01-07,312932,6964,150,Jan
624,Levy Broke Mittens,2023-01-07,312932,6964,150,Jan
625,Levy Broke Mittens,2023-01-07,312932,6964,150,Jan
626,Levy Broke Mittens,2023-01-07,312932,6964,150,Jan
627,Levy Broke Mittens,2023-01-07,312932,6964,150,Jan
628,Levy Broke Mittens,2023-01-07,312932,6964,150,Jan
629,Levy Broke Mittens,2023-01-07,312932,6964,150,Jan
630,Levy Broke Mittens,2023-01-07,312932,6964,150,Jan
631,Levy Broke Mittens,2023-01-07,312932,6964,150,Jan
632,Levy Broke Mittens,2023-01-07,312932,6964,150,Jan
633,Levy Broke Mittens,2023-01-07,312932,6964,150,Jan
634,Levy Broke Mittens,2023-01-07,312932,6964,150,Jan
635,Levy Broke Mittens,2023-01-07,312932,6964,150,Jan
636,Levy Broke Mittens,2023-01-07,312932,6964,150,Jan
637,Levy Broke Mittens,2023-01-07,312932,6964,150,Jan
638,Levy Broke Mittens,2023-01-07,312932,6964,150,Jan
639,Levy Broke Mittens,2023-01-07,312932,6964,150,Jan
640,Levy Broke Mittens,2023-01-07,312932,6964,150,Jan
641,Levy Broke Mittens,2023-01-07,312932,6964,150,Jan
642,Levy Broke Mittens,2023-01-07,312932,6964,150,Jan
643,Levy Broke Mittens,2023-01-07,312932,6964,150,Jan
644,Levy Broke Mittens,2023-01-07,312932,6964,150,Jan
645,Levy Broke Mittens,2023-01-07,312932,6964,150,Jan
646,Levy Broke Mittens,2023-01-07,312932,6964,150,Jan
647,Levy Broke Mittens,2023-01-07,312932,6964,150,Jan
648,Levy Broke Mittens,2023-01-07,312932,6964,150,Jan
649,Levy Broke Mittens,2023-01-07,312932,6964,150,Jan
650,Ops...,2022-12-11,127842,5171,519,Dec
651,Ops...,2022-12-11,127842,5171,519,Dec
652,Ops...,2022-12-11,127842,5171,519,Dec
653,Ops...,2022-12-11,127842,5171,519,Dec
654,Ops...,2022-12-11,127842,5171,519,Dec
655,Ops...,2022-12-11,127842,5171,519,Dec
656,Ops...,2022-12-11,127842,5171,519,Dec
657,Ops...,2022-12-11,127842,5171,519,Dec
658,Ops...,2022-12-11,127842,5171,519,Dec
659,Ops...,2022-12-11,127842,5171,519,Dec
660,Ops...,2022-12-11,127842,5171,519,Dec
661,Ops...,2022-12-11,127842,5171,519,Dec
662,Ops...,2022-12-11,127842,5171,519,Dec
663,Ops...,2022-12-11,127842,5171,519,Dec
664,Ops...,2022-12-11,127842,5171,519,Dec
665,Ops...,2022-12-11,127842,5171,519,Dec
666,Ops...,2022-12-11,127842,5171,519,Dec
667,Ops...,2022-12-11,127842,5171,519,Dec
668,Ops...,2022-12-11,127842,5171,519,Dec
669,Ops...,2022-12-11,127842,5171,519,Dec
670,Ops...,2022-12-11,127842,5171,519,Dec
671,Ops...,2022-12-11,127842,5171,519,Dec
672,Ops...,2022-12-11,127842,5171,519,Dec
673,Ops...,2022-12-11,127842,5171,519,Dec
674,Ops...,2022-12-11,127842,5171,519,Dec
675,Ops...,2022-12-11,127842,5171,519,Dec
676,Ops...,2022-12-11,127842,5171,519,Dec
677,Ops...,2022-12-11,127842,5171,519,Dec
678,Ops...,2022-12-11,127842,5171,519,Dec
679,Ops...,2022-12-11,127842,5171,519,Dec
680,Ops...,2022-12-11,127842,5171,519,Dec
681,Ops...,2022-12-11,127842,5171,519,Dec
682,Ops...,2022-12-11,127842,5171,519,Dec
683,Ops...,2022-12-11,127842,5171,519,Dec
684,Ops...,2022-12-11,127842,5171,519,Dec
685,Ops...,2022-12-11,127842,5171,519,Dec
686,Ops...,2022-12-11,127842,5171,519,Dec
687,Ops...,2022-12-11,127842,5171,519,Dec
688,Ops...,2022-12-11,127842,5171,519,Dec
689,Ops...,2022-12-11,127842,5171,519,Dec
690,Ops...,2022-12-11,127842,5171,519,Dec
691,Ops...,2022-12-11,127842,5171,519,Dec
692,Ops...,2022-12-11,127842,5171,519,Dec
693,Ops...,2022-12-11,127842,5171,519,Dec
694,Ops...,2022-12-11,127842,5171,519,Dec
695,Ops...,2022-12-11,127842,5171,519,Dec
696,Ops...,2022-12-11,127842,5171,519,Dec
697,Ops...,2022-12-11,127842,5171,519,Dec
698,Ops...,2022-12-11,127842,5171,519,Dec
699,Ops...,2022-12-11,127842,5171,519,Dec
700,Levy Plays Like Hikaru,2022-11-25,2043049,107473,149,Nov
701,Levy Plays Like Hikaru,2022-11-25,2043049,107473,149,Nov
702,Levy Plays Like Hikaru,2022-11-25,2043049,107473,149,Nov
703,Levy Plays Like Hikaru,2022-11-25,2043049,107473,149,Nov
704,Levy Plays Like Hikaru,2022-11-25,2043049,107473,149,Nov
705,Levy Plays Like Hikaru,2022-11-25,2043049,107473,149,Nov
706,Levy Plays Like Hikaru,2022-11-25,2043049,107473,149,Nov
707,Levy Plays Like Hikaru,2022-11-25,2043049,107473,149,Nov
708,Levy Plays Like Hikaru,2022-11-25,2043049,107473,149,Nov
709,Levy Plays Like Hikaru,2022-11-25,2043049,107473,149,Nov
710,Levy Plays Like Hikaru,2022-11-25,2043049,107473,149,Nov
711,Levy Plays Like Hikaru,2022-11-25,2043049,107473,149,Nov
712,Levy Plays Like Hikaru,2022-11-25,2043049,107473,149,Nov
713,Levy Plays Like Hikaru,2022-11-25,2043049,107473,149,Nov
714,Levy Plays Like Hikaru,2022-11-25,2043049,107473,149,Nov
715,Levy Plays Like Hikaru,2022-11-25,2043049,107473,149,Nov
716,Levy Plays Like Hikaru,2022-11-25,2043049,107473,149,Nov
717,Levy Plays Like Hikaru,2022-11-25,2043049,107473,149,Nov
718,Levy Plays Like Hikaru,2022-11-25,2043049,107473,149,Nov
719,Levy Plays Like Hikaru,2022-11-25,2043049,107473,149,Nov
720,Levy Plays Like Hikaru,2022-11-25,2043049,107473,149,Nov
721,Levy Plays Like Hikaru,2022-11-25,2043049,107473,149,Nov
722,Levy Plays Like Hikaru,2022-11-25,2043049,107473,149,Nov
723,Levy Plays Like Hikaru,2022-11-25,2043049,107473,149,Nov
724,Levy Plays Like Hikaru,2022-11-25,2043049,107473,149,Nov
725,Levy Plays Like Hikaru,2022-11-25,2043049,107473,149,Nov
726,Levy Plays Like Hikaru,2022-11-25,2043049,107473,149,Nov
727,Levy Plays Like Hikaru,2022-11-25,2043049,107473,149,Nov
728,Levy Plays Like Hikaru,2022-11-25,2043049,107473,149,Nov
729,Levy Plays Like Hikaru,2022-11-25,2043049,107473,149,Nov
730,Levy Plays Like Hikaru,2022-11-25,2043049,107473,149,Nov
731,Levy Plays Like Hikaru,2022-11-25,2043049,107473,149,Nov
732,Levy Plays Like Hikaru,2022-11-25,2043049,107473,149,Nov
733,Levy Plays Like Hikaru,2022-11-25,2043049,107473,149,Nov
734,Levy Plays Like Hikaru,2022-11-25,2043049,107473,149,Nov
735,Levy Plays Like Hikaru,2022-11-25,2043049,107473,149,Nov
736,Levy Plays Like Hikaru,2022-11-25,2043049,107473,149,Nov
737,Levy Plays Like Hikaru,2022-11-25,2043049,107473,149,Nov
738,Levy Plays Like Hikaru,2022-11-25,2043049,107473,149,Nov
739,Levy Plays Like Hikaru,2022-11-25,2043049,107473,149,Nov
740,Levy Plays Like Hikaru,2022-11-25,2043049,107473,149,Nov
741,Levy Plays Like Hikaru,2022-11-25,2043049,107473,149,Nov
742,Levy Plays Like Hikaru,2022-11-25,2043049,107473,149,Nov
743,Levy Plays Like Hikaru,2022-11-25,2043049,107473,149,Nov
744,Levy Plays Like Hikaru,2022-11-25,2043049,107473,149,Nov
745,Levy Plays Like Hikaru,2022-11-25,2043049,107473,149,Nov
746,Levy Plays Like Hikaru,2022-11-25,2043049,107473,149,Nov
747,Levy Plays Like Hikaru,2022-11-25,2043049,107473,149,Nov
748,Levy Plays Like Hikaru,2022-11-25,2043049,107473,149,Nov
749,Levy Plays Like Hikaru,2022-11-25,2043049,107473,149,Nov
750,"""GM is good because of Levy's course""",2022-11-05,38738,1473,16,Nov
751,"""GM is good because of Levy's course""",2022-11-05,38738,1473,16,Nov
752,"""GM is good because of Levy's course""",2022-11-05,38738,1473,16,Nov
753,"""GM is good because of Levy's course""",2022-11-05,38738,1473,16,Nov
754,"""GM is good because of Levy's course""",2022-11-05,38738,1473,16,Nov
755,"""GM is good because of Levy's course""",2022-11-05,38738,1473,16,Nov
756,"""GM is good because of Levy's course""",2022-11-05,38738,1473,16,Nov
757,"""GM is good because of Levy's course""",2022-11-05,38738,1473,16,Nov
758,"""GM is good because of Levy's course""",2022-11-05,38738,1473,16,Nov
759,"""GM is good because of Levy's course""",2022-11-05,38738,1473,16,Nov
760,"""GM is good because of Levy's course""",2022-11-05,38738,1473,16,Nov
761,"""GM is good because of Levy's course""",2022-11-05,38738,1473,16,Nov
762,"""GM is good because of Levy's course""",2022-11-05,38738,1473,16,Nov
763,"""GM is good because of Levy's course""",2022-11-05,38738,1473,16,Nov
764,"""GM is good because of Levy's course""",2022-11-05,38738,1473,16,Nov
765,"""GM is good because of Levy's course""",2022-11-05,38738,1473,16,Nov
766,"""GM is good because of Levy's course""",2022-11-05,38738,1473,16,Nov
767,"""GM is good because of Levy's course""",2022-11-05,38738,1473,16,Nov
768,"""GM is good because of Levy's course""",2022-11-05,38738,1473,16,Nov
769,"""GM is good because of Levy's course""",2022-11-05,38738,1473,16,Nov
770,"""GM is good because of Levy's course""",2022-11-05,38738,1473,16,Nov
771,"""GM is good because of Levy's course""",2022-11-05,38738,1473,16,Nov
772,"""GM is good because of Levy's course""",2022-11-05,38738,1473,16,Nov
773,"""GM is good because of Levy's course""",2022-11-05,38738,1473,16,Nov
774,"""GM is good because of Levy's course""",2022-11-05,38738,1473,16,Nov
775,"""GM is good because of Levy's course""",2022-11-05,38738,1473,16,Nov
776,"""GM is good because of Levy's course""",2022-11-05,38738,1473,16,Nov
777,"""GM is good because of Levy's course""",2022-11-05,38738,1473,16,Nov
778,"""GM is good because of Levy's course""",2022-11-05,38738,1473,16,Nov
779,"""GM is good because of Levy's course""",2022-11-05,38738,1473,16,Nov
780,"""GM is good because of Levy's course""",2022-11-05,38738,1473,16,Nov
781,"""GM is good because of Levy's course""",2022-11-05,38738,1473,16,Nov
782,"""GM is good because of Levy's course""",2022-11-05,38738,1473,16,Nov
783,"""GM is good because of Levy's course""",2022-11-05,38738,1473,16,Nov
784,"""GM is good because of Levy's course""",2022-11-05,38738,1473,16,Nov
785,"""GM is good because of Levy's course""",2022-11-05,38738,1473,16,Nov
786,"""GM is good because of Levy's course""",2022-11-05,38738,1473,16,Nov
787,"""GM is good because of Levy's course""",2022-11-05,38738,1473,16,Nov
788,"""GM is good because of Levy's course""",2022-11-05,38738,1473,16,Nov
789,"""GM is good because of Levy's course""",2022-11-05,38738,1473,16,Nov
790,"""GM is good because of Levy's course""",2022-11-05,38738,1473,16,Nov
791,"""GM is good because of Levy's course""",2022-11-05,38738,1473,16,Nov
792,"""GM is good because of Levy's course""",2022-11-05,38738,1473,16,Nov
793,"""GM is good because of Levy's course""",2022-11-05,38738,1473,16,Nov
794,"""GM is good because of Levy's course""",2022-11-05,38738,1473,16,Nov
795,"""GM is good because of Levy's course""",2022-11-05,38738,1473,16,Nov
796,"""GM is good because of Levy's course""",2022-11-05,38738,1473,16,Nov
797,"""GM is good because of Levy's course""",2022-11-05,38738,1473,16,Nov
798,"""GM is good because of Levy's course""",2022-11-05,38738,1473,16,Nov
799,"""GM is good because of Levy's course""",2022-11-05,38738,1473,16,Nov
800,Back Rank Checkmate... With a Knight?,2022-10-17,68913,2303,59,Oct
801,Back Rank Checkmate... With a Knight?,2022-10-17,68913,2303,59,Oct
802,Back Rank Checkmate... With a Knight?,2022-10-17,68913,2303,59,Oct
803,Back Rank Checkmate... With a Knight?,2022-10-17,68913,2303,59,Oct
804,Back Rank Checkmate... With a Knight?,2022-10-17,68913,2303,59,Oct
805,Back Rank Checkmate... With a Knight?,2022-10-17,68913,2303,59,Oct
806,Back Rank Checkmate... With a Knight?,2022-10-17,68913,2303,59,Oct
807,Back Rank Checkmate... With a Knight?,2022-10-17,68913,2303,59,Oct
808,Back Rank Checkmate... With a Knight?,2022-10-17,68913,2303,59,Oct
809,Back Rank Checkmate... With a Knight?,2022-10-17,68913,2303,59,Oct
810,Back Rank Checkmate... With a Knight?,2022-10-17,68913,2303,59,Oct
811,Back Rank Checkmate... With a Knight?,2022-10-17,68913,2303,59,Oct
812,Back Rank Checkmate... With a Knight?,2022-10-17,68913,2303,59,Oct
813,Back Rank Checkmate... With a Knight?,2022-10-17,68913,2303,59,Oct
814,Back Rank Checkmate... With a Knight?,2022-10-17,68913,2303,59,Oct
815,Back Rank Checkmate... With a Knight?,2022-10-17,68913,2303,59,Oct
816,Back Rank Checkmate... With a Knight?,2022-10-17,68913,2303,59,Oct
817,Back Rank Checkmate... With a Knight?,2022-10-17,68913,2303,59,Oct
818,Back Rank Checkmate... With a Knight?,2022-10-17,68913,2303,59,Oct
819,Back Rank Checkmate... With a Knight?,2022-10-17,68913,2303,59,Oct
820,Back Rank Checkmate... With a Knight?,2022-10-17,68913,2303,59,Oct
821,Back Rank Checkmate... With a Knight?,2022-10-17,68913,2303,59,Oct
822,Back Rank Checkmate... With a Knight?,2022-10-17,68913,2303,59,Oct
823,Back Rank Checkmate... With a Knight?,2022-10-17,68913,2303,59,Oct
824,Back Rank Checkmate... With a Knight?,2022-10-17,68913,2303,59,Oct
825,Back Rank Checkmate... With a Knight?,2022-10-17,68913,2303,59,Oct
826,Back Rank Checkmate... With a Knight?,2022-10-17,68913,2303,59,Oct
827,Back Rank Checkmate... With a Knight?,2022-10-17,68913,2303,59,Oct
828,Back Rank Checkmate... With a Knight?,2022-10-17,68913,2303,59,Oct
829,Back Rank Checkmate... With a Knight?,2022-10-17,68913,2303,59,Oct
830,Back Rank Checkmate... With a Knight?,2022-10-17,68913,2303,59,Oct
831,Back Rank Checkmate... With a Knight?,2022-10-17,68913,2303,59,Oct
832,Back Rank Checkmate... With a Knight?,2022-10-17,68913,2303,59,Oct
833,Back Rank Checkmate... With a Knight?,2022-10-17,68913,2303,59,Oct
834,Back Rank Checkmate... With a Knight?,2022-10-17,68913,2303,59,Oct
835,Back Rank Checkmate... With a Knight?,2022-10-17,68913,2303,59,Oct
836,Back Rank Checkmate... With a Knight?,2022-10-17,68913,2303,59,Oct
837,Back Rank Checkmate... With a Knight?,2022-10-17,68913,2303,59,Oct
838,Back Rank Checkmate... With a Knight?,2022-10-17,68913,2303,59,Oct
839,Back Rank Checkmate... With a Knight?,2022-10-17,68913,2303,59,Oct
840,Back Rank Checkmate... With a Knight?,2022-10-17,68913,2303,59,Oct
841,Back Rank Checkmate... With a Knight?,2022-10-17,68913,2303,59,Oct
842,Back Rank Checkmate... With a Knight?,2022-10-17,68913,2303,59,Oct
843,Back Rank Checkmate... With a Knight?,2022-10-17,68913,2303,59,Oct
844,Back Rank Checkmate... With a Knight?,2022-10-17,68913,2303,59,Oct
845,Back Rank Checkmate... With a Knight?,2022-10-17,68913,2303,59,Oct
846,Back Rank Checkmate... With a Knight?,2022-10-17,68913,2303,59,Oct
847,Back Rank Checkmate... With a Knight?,2022-10-17,68913,2303,59,Oct
848,Back Rank Checkmate... With a Knight?,2022-10-17,68913,2303,59,Oct
849,Back Rank Checkmate... With a Knight?,2022-10-17,68913,2303,59,Oct
850,This Is A BIG Chess Problem,2022-09-29,50519,1645,277,Sep
851,This Is A BIG Chess Problem,2022-09-29,50519,1645,277,Sep
852,This Is A BIG Chess Problem,2022-09-29,50519,1645,277,Sep
853,This Is A BIG Chess Problem,2022-09-29,50519,1645,277,Sep
854,This Is A BIG Chess Problem,2022-09-29,50519,1645,277,Sep
855,This Is A BIG Chess Problem,2022-09-29,50519,1645,277,Sep
856,This Is A BIG Chess Problem,2022-09-29,50519,1645,277,Sep
857,This Is A BIG Chess Problem,2022-09-29,50519,1645,277,Sep
858,This Is A BIG Chess Problem,2022-09-29,50519,1645,277,Sep
859,This Is A BIG Chess Problem,2022-09-29,50519,1645,277,Sep
860,This Is A BIG Chess Problem,2022-09-29,50519,1645,277,Sep
861,This Is A BIG Chess Problem,2022-09-29,50519,1645,277,Sep
862,This Is A BIG Chess Problem,2022-09-29,50519,1645,277,Sep
863,This Is A BIG Chess Problem,2022-09-29,50519,1645,277,Sep
864,This Is A BIG Chess Problem,2022-09-29,50519,1645,277,Sep
865,This Is A BIG Chess Problem,2022-09-29,50519,1645,277,Sep
866,This Is A BIG Chess Problem,2022-09-29,50519,1645,277,Sep
867,This Is A BIG Chess Problem,2022-09-29,50519,1645,277,Sep
868,This Is A BIG Chess Problem,2022-09-29,50519,1645,277,Sep
869,This Is A BIG Chess Problem,2022-09-29,50519,1645,277,Sep
870,This Is A BIG Chess Problem,2022-09-29,50519,1645,277,Sep
871,This Is A BIG Chess Problem,2022-09-29,50519,1645,277,Sep
872,This Is A BIG Chess Problem,2022-09-29,50519,1645,277,Sep
873,This Is A BIG Chess Problem,2022-09-29,50519,1645,277,Sep
874,This Is A BIG Chess Problem,2022-09-29,50519,1645,277,Sep
875,This Is A BIG Chess Problem,2022-09-29,50519,1645,277,Sep
876,This Is A BIG Chess Problem,2022-09-29,50519,1645,277,Sep
877,This Is A BIG Chess Problem,2022-09-29,50519,1645,277,Sep
878,This Is A BIG Chess Problem,2022-09-29,50519,1645,277,Sep
879,This Is A BIG Chess Problem,2022-09-29,50519,1645,277,Sep
880,This Is A BIG Chess Problem,2022-09-29,50519,1645,277,Sep
881,This Is A BIG Chess Problem,2022-09-29,50519,1645,277,Sep
882,This Is A BIG Chess Problem,2022-09-29,50519,1645,277,Sep
883,This Is A BIG Chess Problem,2022-09-29,50519,1645,277,Sep
884,This Is A BIG Chess Problem,2022-09-29,50519,1645,277,Sep
885,This Is A BIG Chess Problem,2022-09-29,50519,1645,277,Sep
886,This Is A BIG Chess Problem,2022-09-29,50519,1645,277,Sep
887,This Is A BIG Chess Problem,2022-09-29,50519,1645,277,Sep
888,This Is A BIG Chess Problem,2022-09-29,50519,1645,277,Sep
889,This Is A BIG Chess Problem,2022-09-29,50519,1645,277,Sep
890,This Is A BIG Chess Problem,2022-09-29,50519,1645,277,Sep
891,This Is A BIG Chess Problem,2022-09-29,50519,1645,277,Sep
892,This Is A BIG Chess Problem,2022-09-29,50519,1645,277,Sep
893,This Is A BIG Chess Problem,2022-09-29,50519,1645,277,Sep
894,This Is A BIG Chess Problem,2022-09-29,50519,1645,277,Sep
895,This Is A BIG Chess Problem,2022-09-29,50519,1645,277,Sep
896,This Is A BIG Chess Problem,2022-09-29,50519,1645,277,Sep
897,This Is A BIG Chess Problem,2022-09-29,50519,1645,277,Sep
898,This Is A BIG Chess Problem,2022-09-29,50519,1645,277,Sep
899,This Is A BIG Chess Problem,2022-09-29,50519,1645,277,Sep
900,Chess GMs Watch LUDWIG?!,2022-09-06,569816,39237,72,Sep
901,Chess GMs Watch LUDWIG?!,2022-09-06,569816,39237,72,Sep
902,Chess GMs Watch LUDWIG?!,2022-09-06,569816,39237,72,Sep
903,Chess GMs Watch LUDWIG?!,2022-09-06,569816,39237,72,Sep
904,Chess GMs Watch LUDWIG?!,2022-09-06,569816,39237,72,Sep
905,Chess GMs Watch LUDWIG?!,2022-09-06,569816,39237,72,Sep
906,Chess GMs Watch LUDWIG?!,2022-09-06,569816,39237,72,Sep
907,Chess GMs Watch LUDWIG?!,2022-09-06,569816,39237,72,Sep
908,Chess GMs Watch LUDWIG?!,2022-09-06,569816,39237,72,Sep
909,Chess GMs Watch LUDWIG?!,2022-09-06,569816,39237,72,Sep
910,Chess GMs Watch LUDWIG?!,2022-09-06,569816,39237,72,Sep
911,Chess GMs Watch LUDWIG?!,2022-09-06,569816,39237,72,Sep
912,Chess GMs Watch LUDWIG?!,2022-09-06,569816,39237,72,Sep
913,Chess GMs Watch LUDWIG?!,2022-09-06,569816,39237,72,Sep
914,Chess GMs Watch LUDWIG?!,2022-09-06,569816,39237,72,Sep
915,Chess GMs Watch LUDWIG?!,2022-09-06,569816,39237,72,Sep
916,Chess GMs Watch LUDWIG?!,2022-09-06,569816,39237,72,Sep
917,Chess GMs Watch LUDWIG?!,2022-09-06,569816,39237,72,Sep
918,Chess GMs Watch LUDWIG?!,2022-09-06,569816,39237,72,Sep
919,Chess GMs Watch LUDWIG?!,2022-09-06,569816,39237,72,Sep
920,Chess GMs Watch LUDWIG?!,2022-09-06,569816,39237,72,Sep
921,Chess GMs Watch LUDWIG?!,2022-09-06,569816,39237,72,Sep
922,Chess GMs Watch LUDWIG?!,2022-09-06,569816,39237,72,Sep
923,Chess GMs Watch LUDWIG?!,2022-09-06,569816,39237,72,Sep
924,Chess GMs Watch LUDWIG?!,2022-09-06,569816,39237,72,Sep
925,Chess GMs Watch LUDWIG?!,2022-09-06,569816,39237,72,Sep
926,Chess GMs Watch LUDWIG?!,2022-09-06,569816,39237,72,Sep
927,Chess GMs Watch LUDWIG?!,2022-09-06,569816,39237,72,Sep
928,Chess GMs Watch LUDWIG?!,2022-09-06,569816,39237,72,Sep
929,Chess GMs Watch LUDWIG?!,2022-09-06,569816,39237,72,Sep
930,Chess GMs Watch LUDWIG?!,2022-09-06,569816,39237,72,Sep
931,Chess GMs Watch LUDWIG?!,2022-09-06,569816,39237,72,Sep
932,Chess GMs Watch LUDWIG?!,2022-09-06,569816,39237,72,Sep
933,Chess GMs Watch LUDWIG?!,2022-09-06,569816,39237,72,Sep
934,Chess GMs Watch LUDWIG?!,2022-09-06,569816,39237,72,Sep
935,Chess GMs Watch LUDWIG?!,2022-09-06,569816,39237,72,Sep
936,Chess GMs Watch LUDWIG?!,2022-09-06,569816,39237,72,Sep
937,Chess GMs Watch LUDWIG?!,2022-09-06,569816,39237,72,Sep
938,Chess GMs Watch LUDWIG?!,2022-09-06,569816,39237,72,Sep
939,Chess GMs Watch LUDWIG?!,2022-09-06,569816,39237,72,Sep
940,Chess GMs Watch LUDWIG?!,2022-09-06,569816,39237,72,Sep
941,Chess GMs Watch LUDWIG?!,2022-09-06,569816,39237,72,Sep
942,Chess GMs Watch LUDWIG?!,2022-09-06,569816,39237,72,Sep
943,Chess GMs Watch LUDWIG?!,2022-09-06,569816,39237,72,Sep
944,Chess GMs Watch LUDWIG?!,2022-09-06,569816,39237,72,Sep
945,Chess GMs Watch LUDWIG?!,2022-09-06,569816,39237,72,Sep
946,Chess GMs Watch LUDWIG?!,2022-09-06,569816,39237,72,Sep
947,Chess GMs Watch LUDWIG?!,2022-09-06,569816,39237,72,Sep
948,Chess GMs Watch LUDWIG?!,2022-09-06,569816,39237,72,Sep
949,Chess GMs Watch LUDWIG?!,2022-09-06,569816,39237,72,Sep
950,Levy Can't Understand This Endgame,2022-08-20,66998,2224,89,Aug
951,Levy Can't Understand This Endgame,2022-08-20,66998,2224,89,Aug
952,Levy Can't Understand This Endgame,2022-08-20,66998,2224,89,Aug
953,Levy Can't Understand This Endgame,2022-08-20,66998,2224,89,Aug
954,Levy Can't Understand This Endgame,2022-08-20,66998,2224,89,Aug
955,Levy Can't Understand This Endgame,2022-08-20,66998,2224,89,Aug
956,Levy Can't Understand This Endgame,2022-08-20,66998,2224,89,Aug
957,Levy Can't Understand This Endgame,2022-08-20,66998,2224,89,Aug
958,Levy Can't Understand This Endgame,2022-08-20,66998,2224,89,Aug
959,Levy Can't Understand This Endgame,2022-08-20,66998,2224,89,Aug
960,Levy Can't Understand This Endgame,2022-08-20,66998,2224,89,Aug
961,Levy Can't Understand This Endgame,2022-08-20,66998,2224,89,Aug
962,Levy Can't Understand This Endgame,2022-08-20,66998,2224,89,Aug
963,Levy Can't Understand This Endgame,2022-08-20,66998,2224,89,Aug
964,Levy Can't Understand This Endgame,2022-08-20,66998,2224,89,Aug
965,Levy Can't Understand This Endgame,2022-08-20,66998,2224,89,Aug
966,Levy Can't Understand This Endgame,2022-08-20,66998,2224,89,Aug
967,Levy Can't Understand This Endgame,2022-08-20,66998,2224,89,Aug
968,Levy Can't Understand This Endgame,2022-08-20,66998,2224,89,Aug
969,Levy Can't Understand This Endgame,2022-08-20,66998,2224,89,Aug
970,Levy Can't Understand This Endgame,2022-08-20,66998,2224,89,Aug
971,Levy Can't Understand This Endgame,2022-08-20,66998,2224,89,Aug
972,Levy Can't Understand This Endgame,2022-08-20,66998,2224,89,Aug
973,Levy Can't Understand This Endgame,2022-08-20,66998,2224,89,Aug
974,Levy Can't Understand This Endgame,2022-08-20,66998,2224,89,Aug
975,Levy Can't Understand This Endgame,2022-08-20,66998,2224,89,Aug
976,Levy Can't Understand This Endgame,2022-08-20,66998,2224,89,Aug
977,Levy Can't Understand This Endgame,2022-08-20,66998,2224,89,Aug
978,Levy Can't Understand This Endgame,2022-08-20,66998,2224,89,Aug
979,Levy Can't Understand This Endgame,2022-08-20,66998,2224,89,Aug
980,Levy Can't Understand This Endgame,2022-08-20,66998,2224,89,Aug
981,Levy Can't Understand This Endgame,2022-08-20,66998,2224,89,Aug
982,Levy Can't Understand This Endgame,2022-08-20,66998,2224,89,Aug
983,Levy Can't Understand This Endgame,2022-08-20,66998,2224,89,Aug
984,Levy Can't Understand This Endgame,2022-08-20,66998,2224,89,Aug
985,Levy Can't Understand This Endgame,2022-08-20,66998,2224,89,Aug
986,Levy Can't Understand This Endgame,2022-08-20,66998,2224,89,Aug
987,Levy Can't Understand This Endgame,2022-08-20,66998,2224,89,Aug
988,Levy Can't Understand This Endgame,2022-08-20,66998,2224,89,Aug
989,Levy Can't Understand This Endgame,2022-08-20,66998,2224,89,Aug
990,Levy Can't Understand This Endgame,2022-08-20,66998,2224,89,Aug
991,Levy Can't Understand This Endgame,2022-08-20,66998,2224,89,Aug
992,Levy Can't Understand This Endgame,2022-08-20,66998,2224,89,Aug
993,Levy Can't Understand This Endgame,2022-08-20,66998,2224,89,Aug
994,Levy Can't Understand This Endgame,2022-08-20,66998,2224,89,Aug
995,Levy Can't Understand This Endgame,2022-08-20,66998,2224,89,Aug
996,Levy Can't Understand This Endgame,2022-08-20,66998,2224,89,Aug
997,Levy Can't Understand This Endgame,2022-08-20,66998,2224,89,Aug
998,Levy Can't Understand This Endgame,2022-08-20,66998,2224,89,Aug
999,Levy Can't Understand This Endgame,2022-08-20,66998,2224,89,Aug
1000,Chess Masters Shouldn't Play Like This...,2022-07-31,77170,2533,103,Jul
1001,Chess Masters Shouldn't Play Like This...,2022-07-31,77170,2533,103,Jul
1002,Chess Masters Shouldn't Play Like This...,2022-07-31,77170,2533,103,Jul
1003,Chess Masters Shouldn't Play Like This...,2022-07-31,77170,2533,103,Jul
1004,Chess Masters Shouldn't Play Like This...,2022-07-31,77170,2533,103,Jul
1005,Chess Masters Shouldn't Play Like This...,2022-07-31,77170,2533,103,Jul
1006,Chess Masters Shouldn't Play Like This...,2022-07-31,77170,2533,103,Jul
1007,Chess Masters Shouldn't Play Like This...,2022-07-31,77170,2533,103,Jul
1008,Chess Masters Shouldn't Play Like This...,2022-07-31,77170,2533,103,Jul
1009,Chess Masters Shouldn't Play Like This...,2022-07-31,77170,2533,103,Jul
1010,Chess Masters Shouldn't Play Like This...,2022-07-31,77170,2533,103,Jul
1011,Chess Masters Shouldn't Play Like This...,2022-07-31,77170,2533,103,Jul
1012,Chess Masters Shouldn't Play Like This...,2022-07-31,77170,2533,103,Jul
1013,Chess Masters Shouldn't Play Like This...,2022-07-31,77170,2533,103,Jul
1014,Chess Masters Shouldn't Play Like This...,2022-07-31,77170,2533,103,Jul
1015,Chess Masters Shouldn't Play Like This...,2022-07-31,77170,2533,103,Jul
1016,Chess Masters Shouldn't Play Like This...,2022-07-31,77170,2533,103,Jul
1017,Chess Masters Shouldn't Play Like This...,2022-07-31,77170,2533,103,Jul
1018,Chess Masters Shouldn't Play Like This...,2022-07-31,77170,2533,103,Jul
1019,Chess Masters Shouldn't Play Like This...,2022-07-31,77170,2533,103,Jul
1020,Chess Masters Shouldn't Play Like This...,2022-07-31,77170,2533,103,Jul
1021,Chess Masters Shouldn't Play Like This...,2022-07-31,77170,2533,103,Jul
1022,Chess Masters Shouldn't Play Like This...,2022-07-31,77170,2533,103,Jul
1023,Chess Masters Shouldn't Play Like This...,2022-07-31,77170,2533,103,Jul
1024,Chess Masters Shouldn't Play Like This...,2022-07-31,77170,2533,103,Jul
1025,Chess Masters Shouldn't Play Like This...,2022-07-31,77170,2533,103,Jul
1026,Chess Masters Shouldn't Play Like This...,2022-07-31,77170,2533,103,Jul
1027,Chess Masters Shouldn't Play Like This...,2022-07-31,77170,2533,103,Jul
1028,Chess Masters Shouldn't Play Like This...,2022-07-31,77170,2533,103,Jul
1029,Chess Masters Shouldn't Play Like This...,2022-07-31,77170,2533,103,Jul
1030,Chess Masters Shouldn't Play Like This...,2022-07-31,77170,2533,103,Jul
1031,Chess Masters Shouldn't Play Like This...,2022-07-31,77170,2533,103,Jul
1032,Chess Masters Shouldn't Play Like This...,2022-07-31,77170,2533,103,Jul
1033,Chess Masters Shouldn't Play Like This...,2022-07-31,77170,2533,103,Jul
1034,Chess Masters Shouldn't Play Like This...,2022-07-31,77170,2533,103,Jul
1035,Chess Masters Shouldn't Play Like This...,2022-07-31,77170,2533,103,Jul
1036,Chess Masters Shouldn't Play Like This...,2022-07-31,77170,2533,103,Jul
1037,Chess Masters Shouldn't Play Like This...,2022-07-31,77170,2533,103,Jul
1038,Chess Masters Shouldn't Play Like This...,2022-07-31,77170,2533,103,Jul
1039,Chess Masters Shouldn't Play Like This...,2022-07-31,77170,2533,103,Jul
1040,Chess Masters Shouldn't Play Like This...,2022-07-31,77170,2533,103,Jul
1041,Chess Masters Shouldn't Play Like This...,2022-07-31,77170,2533,103,Jul
1042,Chess Masters Shouldn't Play Like This...,2022-07-31,77170,2533,103,Jul
1043,Chess Masters Shouldn't Play Like This...,2022-07-31,77170,2533,103,Jul
1044,Chess Masters Shouldn't Play Like This...,2022-07-31,77170,2533,103,Jul
1045,Chess Masters Shouldn't Play Like This...,2022-07-31,77170,2533,103,Jul
1046,Chess Masters Shouldn't Play Like This...,2022-07-31,77170,2533,103,Jul
1047,Chess Masters Shouldn't Play Like This...,2022-07-31,77170,2533,103,Jul
1048,Chess Masters Shouldn't Play Like This...,2022-07-31,77170,2533,103,Jul
1049,Chess Masters Shouldn't Play Like This...,2022-07-31,77170,2533,103,Jul
1050,Levy Beats A Top 100 GM,2022-07-14,77368,3209,170,Jul
1051,Levy Beats A Top 100 GM,2022-07-14,77368,3209,170,Jul
1052,Levy Beats A Top 100 GM,2022-07-14,77368,3209,170,Jul
1053,Levy Beats A Top 100 GM,2022-07-14,77368,3209,170,Jul
1054,Levy Beats A Top 100 GM,2022-07-14,77368,3209,170,Jul
1055,Levy Beats A Top 100 GM,2022-07-14,77368,3209,170,Jul
1056,Levy Beats A Top 100 GM,2022-07-14,77368,3209,170,Jul
1057,Levy Beats A Top 100 GM,2022-07-14,77368,3209,170,Jul
1058,Levy Beats A Top 100 GM,2022-07-14,77368,3209,170,Jul
1059,Levy Beats A Top 100 GM,2022-07-14,77368,3209,170,Jul
1060,Levy Beats A Top 100 GM,2022-07-14,77368,3209,170,Jul
1061,Levy Beats A Top 100 GM,2022-07-14,77368,3209,170,Jul
1062,Levy Beats A Top 100 GM,2022-07-14,77368,3209,170,Jul
1063,Levy Beats A Top 100 GM,2022-07-14,77368,3209,170,Jul
1064,Levy Beats A Top 100 GM,2022-07-14,77368,3209,170,Jul
1065,Levy Beats A Top 100 GM,2022-07-14,77368,3209,170,Jul
1066,Levy Beats A Top 100 GM,2022-07-14,77368,3209,170,Jul
1067,Levy Beats A Top 100 GM,2022-07-14,77368,3209,170,Jul
1068,Levy Beats A Top 100 GM,2022-07-14,77368,3209,170,Jul
1069,Levy Beats A Top 100 GM,2022-07-14,77368,3209,170,Jul
1070,Levy Beats A Top 100 GM,2022-07-14,77368,3209,170,Jul
1071,Levy Beats A Top 100 GM,2022-07-14,77368,3209,170,Jul
1072,Levy Beats A Top 100 GM,2022-07-14,77368,3209,170,Jul
1073,Levy Beats A Top 100 GM,2022-07-14,77368,3209,170,Jul
1074,Levy Beats A Top 100 GM,2022-07-14,77368,3209,170,Jul
1075,Levy Beats A Top 100 GM,2022-07-14,77368,3209,170,Jul
1076,Levy Beats A Top 100 GM,2022-07-14,77368,3209,170,Jul
1077,Levy Beats A Top 100 GM,2022-07-14,77368,3209,170,Jul
1078,Levy Beats A Top 100 GM,2022-07-14,77368,3209,170,Jul
1079,Levy Beats A Top 100 GM,2022-07-14,77368,3209,170,Jul
1080,Levy Beats A Top 100 GM,2022-07-14,77368,3209,170,Jul
1081,Levy Beats A Top 100 GM,2022-07-14,77368,3209,170,Jul
1082,Levy Beats A Top 100 GM,2022-07-14,77368,3209,170,Jul
1083,Levy Beats A Top 100 GM,2022-07-14,77368,3209,170,Jul
1084,Levy Beats A Top 100 GM,2022-07-14,77368,3209,170,Jul
1085,Levy Beats A Top 100 GM,2022-07-14,77368,3209,170,Jul
1086,Levy Beats A Top 100 GM,2022-07-14,77368,3209,170,Jul
1087,Levy Beats A Top 100 GM,2022-07-14,77368,3209,170,Jul
1088,Levy Beats A Top 100 GM,2022-07-14,77368,3209,170,Jul
1089,Levy Beats A Top 100 GM,2022-07-14,77368,3209,170,Jul
1090,Levy Beats A Top 100 GM,2022-07-14,77368,3209,170,Jul
1091,Levy Beats A Top 100 GM,2022-07-14,77368,3209,170,Jul
1092,Levy Beats A Top 100 GM,2022-07-14,77368,3209,170,Jul
1093,Levy Beats A Top 100 GM,2022-07-14,77368,3209,170,Jul
1094,Levy Beats A Top 100 GM,2022-07-14,77368,3209,170,Jul
1095,Levy Beats A Top 100 GM,2022-07-14,77368,3209,170,Jul
1096,Levy Beats A Top 100 GM,2022-07-14,77368,3209,170,Jul
1097,Levy Beats A Top 100 GM,2022-07-14,77368,3209,170,Jul
1098,Levy Beats A Top 100 GM,2022-07-14,77368,3209,170,Jul
1099,Levy Beats A Top 100 GM,2022-07-14,77368,3209,170,Jul
1100,His Lichess Rating Is,2022-06-06,105877,3533,89,Jun
1101,His Lichess Rating Is,2022-06-06,105877,3533,89,Jun
1102,His Lichess Rating Is,2022-06-06,105877,3533,89,Jun
1103,His Lichess Rating Is,2022-06-06,105877,3533,89,Jun
1104,His Lichess Rating Is,2022-06-06,105877,3533,89,Jun
1105,His Lichess Rating Is,2022-06-06,105877,3533,89,Jun
1106,His Lichess Rating Is,2022-06-06,105877,3533,89,Jun
1107,His Lichess Rating Is,2022-06-06,105877,3533,89,Jun
1108,His Lichess Rating Is,2022-06-06,105877,3533,89,Jun
1109,His Lichess Rating Is,2022-06-06,105877,3533,89,Jun
1110,His Lichess Rating Is,2022-06-06,105877,3533,89,Jun
1111,His Lichess Rating Is,2022-06-06,105877,3533,89,Jun
1112,His Lichess Rating Is,2022-06-06,105877,3533,89,Jun
1113,His Lichess Rating Is,2022-06-06,105877,3533,89,Jun
1114,His Lichess Rating Is,2022-06-06,105877,3533,89,Jun
1115,His Lichess Rating Is,2022-06-06,105877,3533,89,Jun
1116,His Lichess Rating Is,2022-06-06,105877,3533,89,Jun
1117,His Lichess Rating Is,2022-06-06,105877,3533,89,Jun
1118,His Lichess Rating Is,2022-06-06,105877,3533,89,Jun
1119,His Lichess Rating Is,2022-06-06,105877,3533,89,Jun
1120,His Lichess Rating Is,2022-06-06,105877,3533,89,Jun
1121,His Lichess Rating Is,2022-06-06,105877,3533,89,Jun
1122,His Lichess Rating Is,2022-06-06,105877,3533,89,Jun
1123,His Lichess Rating Is,2022-06-06,105877,3533,89,Jun
1124,His Lichess Rating Is,2022-06-06,105877,3533,89,Jun
1125,His Lichess Rating Is,2022-06-06,105877,3533,89,Jun
1126,His Lichess Rating Is,2022-06-06,105877,3533,89,Jun
1127,His Lichess Rating Is,2022-06-06,105877,3533,89,Jun
1128,His Lichess Rating Is,2022-06-06,105877,3533,89,Jun
1129,His Lichess Rating Is,2022-06-06,105877,3533,89,Jun
1130,His Lichess Rating Is,2022-06-06,105877,3533,89,Jun
1131,His Lichess Rating Is,2022-06-06,105877,3533,89,Jun
1132,His Lichess Rating Is,2022-06-06,105877,3533,89,Jun
1133,His Lichess Rating Is,2022-06-06,105877,3533,89,Jun
1134,His Lichess Rating Is,2022-06-06,105877,3533,89,Jun
1135,His Lichess Rating Is,2022-06-06,105877,3533,89,Jun
1136,His Lichess Rating Is,2022-06-06,105877,3533,89,Jun
1137,His Lichess Rating Is,2022-06-06,105877,3533,89,Jun
1138,His Lichess Rating Is,2022-06-06,105877,3533,89,Jun
1139,His Lichess Rating Is,2022-06-06,105877,3533,89,Jun
1140,His Lichess Rating Is,2022-06-06,105877,3533,89,Jun
1141,His Lichess Rating Is,2022-06-06,105877,3533,89,Jun
1142,His Lichess Rating Is,2022-06-06,105877,3533,89,Jun
1143,His Lichess Rating Is,2022-06-06,105877,3533,89,Jun
1144,His Lichess Rating Is,2022-06-06,105877,3533,89,Jun
1145,His Lichess Rating Is,2022-06-06,105877,3533,89,Jun
1146,His Lichess Rating Is,2022-06-06,105877,3533,89,Jun
1147,His Lichess Rating Is,2022-06-06,105877,3533,89,Jun
1148,His Lichess Rating Is,2022-06-06,105877,3533,89,Jun
1149,His Lichess Rating Is,2022-06-06,105877,3533,89,Jun
1150,Levy is SO BAD...,2022-05-08,46809,1825,43,May
1151,Levy is SO BAD...,2022-05-08,46809,1825,43,May
1152,Levy is SO BAD...,2022-05-08,46809,1825,43,May
1153,Levy is SO BAD...,2022-05-08,46809,1825,43,May
1154,Levy is SO BAD...,2022-05-08,46809,1825,43,May
1155,Levy is SO BAD...,2022-05-08,46809,1825,43,May
1156,Levy is SO BAD...,2022-05-08,46809,1825,43,May
1157,Levy is SO BAD...,2022-05-08,46809,1825,43,May
1158,Levy is SO BAD...,2022-05-08,46809,1825,43,May
1159,Levy is SO BAD...,2022-05-08,46809,1825,43,May
1160,Levy is SO BAD...,2022-05-08,46809,1825,43,May
1161,Levy is SO BAD...,2022-05-08,46809,1825,43,May
1162,Levy is SO BAD...,2022-05-08,46809,1825,43,May
1163,Levy is SO BAD...,2022-05-08,46809,1825,43,May
1164,Levy is SO BAD...,2022-05-08,46809,1825,43,May
1165,Levy is SO BAD...,2022-05-08,46809,1825,43,May
1166,Levy is SO BAD...,2022-05-08,46809,1825,43,May
1167,Levy is SO BAD...,2022-05-08,46809,1825,43,May
1168,Levy is SO BAD...,2022-05-08,46809,1825,43,May
1169,Levy is SO BAD...,2022-05-08,46809,1825,43,May
1170,Levy is SO BAD...,2022-05-08,46809,1825,43,May
1171,Levy is SO BAD...,2022-05-08,46809,1825,43,May
1172,Levy is SO BAD...,2022-05-08,46809,1825,43,May
1173,Levy is SO BAD...,2022-05-08,46809,1825,43,May
1174,Levy is SO BAD...,2022-05-08,46809,1825,43,May
1175,Levy is SO BAD...,2022-05-08,46809,1825,43,May
1176,Levy is SO BAD...,2022-05-08,46809,1825,43,May
1177,Levy is SO BAD...,2022-05-08,46809,1825,43,May
1178,Levy is SO BAD...,2022-05-08,46809,1825,43,May
1179,Levy is SO BAD...,2022-05-08,46809,1825,43,May
1180,Levy is SO BAD...,2022-05-08,46809,1825,43,May
1181,Levy is SO BAD...,2022-05-08,46809,1825,43,May
1182,Levy is SO BAD...,2022-05-08,46809,1825,43,May
1183,Levy is SO BAD...,2022-05-08,46809,1825,43,May
1184,Levy is SO BAD...,2022-05-08,46809,1825,43,May
1185,Levy is SO BAD...,2022-05-08,46809,1825,43,May
1186,Levy is SO BAD...,2022-05-08,46809,1825,43,May
1187,Levy is SO BAD...,2022-05-08,46809,1825,43,May
1188,Levy is SO BAD...,2022-05-08,46809,1825,43,May
1189,Levy is SO BAD...,2022-05-08,46809,1825,43,May
1190,Levy is SO BAD...,2022-05-08,46809,1825,43,May
1191,Levy is SO BAD...,2022-05-08,46809,1825,43,May
1192,Levy is SO BAD...,2022-05-08,46809,1825,43,May
1193,Levy is SO BAD...,2022-05-08,46809,1825,43,May
1194,Levy is SO BAD...,2022-05-08,46809,1825,43,May
1195,Levy is SO BAD...,2022-05-08,46809,1825,43,May
1196,Levy is SO BAD...,2022-05-08,46809,1825,43,May
1197,Levy is SO BAD...,2022-05-08,46809,1825,43,May
1198,Levy is SO BAD...,2022-05-08,46809,1825,43,May
1199,Levy is SO BAD...,2022-05-08,46809,1825,43,May
1200,STALEMATE UP 3 QUEENS!,2022-04-12,1647203,77445,973,Apr
1201,STALEMATE UP 3 QUEENS!,2022-04-12,1647203,77445,973,Apr
1202,STALEMATE UP 3 QUEENS!,2022-04-12,1647203,77445,973,Apr
1203,STALEMATE UP 3 QUEENS!,2022-04-12,1647203,77445,973,Apr
1204,STALEMATE UP 3 QUEENS!,2022-04-12,1647203,77445,973,Apr
1205,STALEMATE UP 3 QUEENS!,2022-04-12,1647203,77445,973,Apr
1206,STALEMATE UP 3 QUEENS!,2022-04-12,1647203,77445,973,Apr
1207,STALEMATE UP 3 QUEENS!,2022-04-12,1647203,77445,973,Apr
1208,STALEMATE UP 3 QUEENS!,2022-04-12,1647203,77445,973,Apr
1209,STALEMATE UP 3 QUEENS!,2022-04-12,1647203,77445,973,Apr
1210,STALEMATE UP 3 QUEENS!,2022-04-12,1647203,77445,973,Apr
1211,STALEMATE UP 3 QUEENS!,2022-04-12,1647203,77445,973,Apr
1212,STALEMATE UP 3 QUEENS!,2022-04-12,1647203,77445,973,Apr
1213,STALEMATE UP 3 QUEENS!,2022-04-12,1647203,77445,973,Apr
1214,STALEMATE UP 3 QUEENS!,2022-04-12,1647203,77445,973,Apr
1215,STALEMATE UP 3 QUEENS!,2022-04-12,1647203,77445,973,Apr
1216,STALEMATE UP 3 QUEENS!,2022-04-12,1647203,77445,973,Apr
1217,STALEMATE UP 3 QUEENS!,2022-04-12,1647203,77445,973,Apr
1218,STALEMATE UP 3 QUEENS!,2022-04-12,1647203,77445,973,Apr
1219,STALEMATE UP 3 QUEENS!,2022-04-12,1647203,77445,973,Apr
1220,STALEMATE UP 3 QUEENS!,2022-04-12,1647203,77445,973,Apr
1221,STALEMATE UP 3 QUEENS!,2022-04-12,1647203,77445,973,Apr
1222,STALEMATE UP 3 QUEENS!,2022-04-12,1647203,77445,973,Apr
1223,STALEMATE UP 3 QUEENS!,2022-04-12,1647203,77445,973,Apr
1224,STALEMATE UP 3 QUEENS!,2022-04-12,1647203,77445,973,Apr
1225,STALEMATE UP 3 QUEENS!,2022-04-12,1647203,77445,973,Apr
1226,STALEMATE UP 3 QUEENS!,2022-04-12,1647203,77445,973,Apr
1227,STALEMATE UP 3 QUEENS!,2022-04-12,1647203,77445,973,Apr
1228,STALEMATE UP 3 QUEENS!,2022-04-12,1647203,77445,973,Apr
1229,STALEMATE UP 3 QUEENS!,2022-04-12,1647203,77445,973,Apr
1230,STALEMATE UP 3 QUEENS!,2022-04-12,1647203,77445,973,Apr
1231,STALEMATE UP 3 QUEENS!,2022-04-12,1647203,77445,973,Apr
1232,STALEMATE UP 3 QUEENS!,2022-04-12,1647203,77445,973,Apr
1233,STALEMATE UP 3 QUEENS!,2022-04-12,1647203,77445,973,Apr
1234,STALEMATE UP 3 QUEENS!,2022-04-12,1647203,77445,973,Apr
1235,STALEMATE UP 3 QUEENS!,2022-04-12,1647203,77445,973,Apr
1236,STALEMATE UP 3 QUEENS!,2022-04-12,1647203,77445,973,Apr
1237,STALEMATE UP 3 QUEENS!,2022-04-12,1647203,77445,973,Apr
1238,STALEMATE UP 3 QUEENS!,2022-04-12,1647203,77445,973,Apr
1239,STALEMATE UP 3 QUEENS!,2022-04-12,1647203,77445,973,Apr
1240,STALEMATE UP 3 QUEENS!,2022-04-12,1647203,77445,973,Apr
1241,STALEMATE UP 3 QUEENS!,2022-04-12,1647203,77445,973,Apr
1242,STALEMATE UP 3 QUEENS!,2022-04-12,1647203,77445,973,Apr
1243,STALEMATE UP 3 QUEENS!,2022-04-12,1647203,77445,973,Apr
1244,STALEMATE UP 3 QUEENS!,2022-04-12,1647203,77445,973,Apr
1245,STALEMATE UP 3 QUEENS!,2022-04-12,1647203,77445,973,Apr
1246,STALEMATE UP 3 QUEENS!,2022-04-12,1647203,77445,973,Apr
1247,STALEMATE UP 3 QUEENS!,2022-04-12,1647203,77445,973,Apr
1248,STALEMATE UP 3 QUEENS!,2022-04-12,1647203,77445,973,Apr
1249,STALEMATE UP 3 QUEENS!,2022-04-12,1647203,77445,973,Apr
1250,Andrea Botez SHOCKS Levy...,2022-03-19,146007,4797,281,Mar
1251,Andrea Botez SHOCKS Levy...,2022-03-19,146007,4797,281,Mar
1252,Andrea Botez SHOCKS Levy...,2022-03-19,146007,4797,281,Mar
1253,Andrea Botez SHOCKS Levy...,2022-03-19,146007,4797,281,Mar
1254,Andrea Botez SHOCKS Levy...,2022-03-19,146007,4797,281,Mar
1255,Andrea Botez SHOCKS Levy...,2022-03-19,146007,4797,281,Mar
1256,Andrea Botez SHOCKS Levy...,2022-03-19,146007,4797,281,Mar
1257,Andrea Botez SHOCKS Levy...,2022-03-19,146007,4797,281,Mar
1258,Andrea Botez SHOCKS Levy...,2022-03-19,146007,4797,281,Mar
1259,Andrea Botez SHOCKS Levy...,2022-03-19,146007,4797,281,Mar
1260,Andrea Botez SHOCKS Levy...,2022-03-19,146007,4797,281,Mar
1261,Andrea Botez SHOCKS Levy...,2022-03-19,146007,4797,281,Mar
1262,Andrea Botez SHOCKS Levy...,2022-03-19,146007,4797,281,Mar
1263,Andrea Botez SHOCKS Levy...,2022-03-19,146007,4797,281,Mar
1264,Andrea Botez SHOCKS Levy...,2022-03-19,146007,4797,281,Mar
1265,Andrea Botez SHOCKS Levy...,2022-03-19,146007,4797,281,Mar
1266,Andrea Botez SHOCKS Levy...,2022-03-19,146007,4797,281,Mar
1267,Andrea Botez SHOCKS Levy...,2022-03-19,146007,4797,281,Mar
1268,Andrea Botez SHOCKS Levy...,2022-03-19,146007,4797,281,Mar
1269,Andrea Botez SHOCKS Levy...,2022-03-19,146007,4797,281,Mar
1270,Andrea Botez SHOCKS Levy...,2022-03-19,146007,4797,281,Mar
1271,Andrea Botez SHOCKS Levy...,2022-03-19,146007,4797,281,Mar
1272,Andrea Botez SHOCKS Levy...,2022-03-19,146007,4797,281,Mar
1273,Andrea Botez SHOCKS Levy...,2022-03-19,146007,4797,281,Mar
1274,Andrea Botez SHOCKS Levy...,2022-03-19,146007,4797,281,Mar
1275,Andrea Botez SHOCKS Levy...,2022-03-19,146007,4797,281,Mar
1276,Andrea Botez SHOCKS Levy...,2022-03-19,146007,4797,281,Mar
1277,Andrea Botez SHOCKS Levy...,2022-03-19,146007,4797,281,Mar
1278,Andrea Botez SHOCKS Levy...,2022-03-19,146007,4797,281,Mar
1279,Andrea Botez SHOCKS Levy...,2022-03-19,146007,4797,281,Mar
1280,Andrea Botez SHOCKS Levy...,2022-03-19,146007,4797,281,Mar
1281,Andrea Botez SHOCKS Levy...,2022-03-19,146007,4797,281,Mar
1282,Andrea Botez SHOCKS Levy...,2022-03-19,146007,4797,281,Mar
1283,Andrea Botez SHOCKS Levy...,2022-03-19,146007,4797,281,Mar
1284,Andrea Botez SHOCKS Levy...,2022-03-19,146007,4797,281,Mar
1285,Andrea Botez SHOCKS Levy...,2022-03-19,146007,4797,281,Mar
1286,Andrea Botez SHOCKS Levy...,2022-03-19,146007,4797,281,Mar
1287,Andrea Botez SHOCKS Levy...,2022-03-19,146007,4797,281,Mar
1288,Andrea Botez SHOCKS Levy...,2022-03-19,146007,4797,281,Mar
1289,Andrea Botez SHOCKS Levy...,2022-03-19,146007,4797,281,Mar
1290,Andrea Botez SHOCKS Levy...,2022-03-19,146007,4797,281,Mar
1291,Andrea Botez SHOCKS Levy...,2022-03-19,146007,4797,281,Mar
1292,Andrea Botez SHOCKS Levy...,2022-03-19,146007,4797,281,Mar
1293,Andrea Botez SHOCKS Levy...,2022-03-19,146007,4797,281,Mar
1294,Andrea Botez SHOCKS Levy...,2022-03-19,146007,4797,281,Mar
1295,Andrea Botez SHOCKS Levy...,2022-03-19,146007,4797,281,Mar
1296,Andrea Botez SHOCKS Levy...,2022-03-19,146007,4797,281,Mar
1297,Andrea Botez SHOCKS Levy...,2022-03-19,146007,4797,281,Mar
1298,Andrea Botez SHOCKS Levy...,2022-03-19,146007,4797,281,Mar
1299,Andrea Botez SHOCKS Levy...,2022-03-19,146007,4797,281,Mar
1300,Levy REPORTS His Opponent,2022-02-09,99113,4679,180,Feb
1301,Levy REPORTS His Opponent,2022-02-09,99113,4679,180,Feb
1302,Levy REPORTS His Opponent,2022-02-09,99113,4679,180,Feb
1303,Levy REPORTS His Opponent,2022-02-09,99113,4679,180,Feb
1304,Levy REPORTS His Opponent,2022-02-09,99113,4679,180,Feb
1305,Levy REPORTS His Opponent,2022-02-09,99113,4679,180,Feb
1306,Levy REPORTS His Opponent,2022-02-09,99113,4679,180,Feb
1307,Levy REPORTS His Opponent,2022-02-09,99113,4679,180,Feb
1308,Levy REPORTS His Opponent,2022-02-09,99113,4679,180,Feb
1309,Levy REPORTS His Opponent,2022-02-09,99113,4679,180,Feb
1310,Levy REPORTS His Opponent,2022-02-09,99113,4679,180,Feb
1311,Levy REPORTS His Opponent,2022-02-09,99113,4679,180,Feb
1312,Levy REPORTS His Opponent,2022-02-09,99113,4679,180,Feb
1313,Levy REPORTS His Opponent,2022-02-09,99113,4679,180,Feb
1314,Levy REPORTS His Opponent,2022-02-09,99113,4679,180,Feb
1315,Levy REPORTS His Opponent,2022-02-09,99113,4679,180,Feb
1316,Levy REPORTS His Opponent,2022-02-09,99113,4679,180,Feb
1317,Levy REPORTS His Opponent,2022-02-09,99113,4679,180,Feb
1318,Levy REPORTS His Opponent,2022-02-09,99113,4679,180,Feb
1319,Levy REPORTS His Opponent,2022-02-09,99113,4679,180,Feb
1320,Levy REPORTS His Opponent,2022-02-09,99113,4679,180,Feb
1321,Levy REPORTS His Opponent,2022-02-09,99113,4679,180,Feb
1322,Levy REPORTS His Opponent,2022-02-09,99113,4679,180,Feb
1323,Levy REPORTS His Opponent,2022-02-09,99113,4679,180,Feb
1324,Levy REPORTS His Opponent,2022-02-09,99113,4679,180,Feb
1325,Levy REPORTS His Opponent,2022-02-09,99113,4679,180,Feb
1326,Levy REPORTS His Opponent,2022-02-09,99113,4679,180,Feb
1327,Levy REPORTS His Opponent,2022-02-09,99113,4679,180,Feb
1328,Levy REPORTS His Opponent,2022-02-09,99113,4679,180,Feb
1329,Levy REPORTS His Opponent,2022-02-09,99113,4679,180,Feb
1330,Levy REPORTS His Opponent,2022-02-09,99113,4679,180,Feb
1331,Levy REPORTS His Opponent,2022-02-09,99113,4679,180,Feb
1332,Levy REPORTS His Opponent,2022-02-09,99113,4679,180,Feb
1333,Levy REPORTS His Opponent,2022-02-09,99113,4679,180,Feb
1334,Levy REPORTS His Opponent,2022-02-09,99113,4679,180,Feb
1335,Levy REPORTS His Opponent,2022-02-09,99113,4679,180,Feb
1336,Levy REPORTS His Opponent,2022-02-09,99113,4679,180,Feb
1337,Levy REPORTS His Opponent,2022-02-09,99113,4679,180,Feb
1338,Levy REPORTS His Opponent,2022-02-09,99113,4679,180,Feb
1339,Levy REPORTS His Opponent,2022-02-09,99113,4679,180,Feb
1340,Levy REPORTS His Opponent,2022-02-09,99113,4679,180,Feb
1341,Levy REPORTS His Opponent,2022-02-09,99113,4679,180,Feb
1342,Levy REPORTS His Opponent,2022-02-09,99113,4679,180,Feb
1343,Levy REPORTS His Opponent,2022-02-09,99113,4679,180,Feb
1344,Levy REPORTS His Opponent,2022-02-09,99113,4679,180,Feb
1345,Levy REPORTS His Opponent,2022-02-09,99113,4679,180,Feb
1346,Levy REPORTS His Opponent,2022-02-09,99113,4679,180,Feb
1347,Levy REPORTS His Opponent,2022-02-09,99113,4679,180,Feb
1348,Levy REPORTS His Opponent,2022-02-09,99113,4679,180,Feb
1349,Levy REPORTS His Opponent,2022-02-09,99113,4679,180,Feb
1350,Levy Has Terrible News,2022-01-08,60071,3678,189,Jan
1351,Levy Has Terrible News,2022-01-08,60071,3678,189,Jan
1352,Levy Has Terrible News,2022-01-08,60071,3678,189,Jan
1353,Levy Has Terrible News,2022-01-08,60071,3678,189,Jan
1354,Levy Has Terrible News,2022-01-08,60071,3678,189,Jan
1355,Levy Has Terrible News,2022-01-08,60071,3678,189,Jan
1356,Levy Has Terrible News,2022-01-08,60071,3678,189,Jan
1357,Levy Has Terrible News,2022-01-08,60071,3678,189,Jan
1358,Levy Has Terrible News,2022-01-08,60071,3678,189,Jan
1359,Levy Has Terrible News,2022-01-08,60071,3678,189,Jan
1360,Levy Has Terrible News,2022-01-08,60071,3678,189,Jan
1361,Levy Has Terrible News,2022-01-08,60071,3678,189,Jan
1362,Levy Has Terrible News,2022-01-08,60071,3678,189,Jan
1363,Levy Has Terrible News,2022-01-08,60071,3678,189,Jan
1364,Levy Has Terrible News,2022-01-08,60071,3678,189,Jan
1365,Levy Has Terrible News,2022-01-08,60071,3678,189,Jan
1366,Levy Has Terrible News,2022-01-08,60071,3678,189,Jan
1367,Levy Has Terrible News,2022-01-08,60071,3678,189,Jan
1368,Levy Has Terrible News,2022-01-08,60071,3678,189,Jan
1369,Levy Has Terrible News,2022-01-08,60071,3678,189,Jan
1370,Levy Has Terrible News,2022-01-08,60071,3678,189,Jan
1371,Levy Has Terrible News,2022-01-08,60071,3678,189,Jan
1372,Levy Has Terrible News,2022-01-08,60071,3678,189,Jan
1373,Levy Has Terrible News,2022-01-08,60071,3678,189,Jan
1374,Levy Has Terrible News,2022-01-08,60071,3678,189,Jan
1375,Levy Has Terrible News,2022-01-08,60071,3678,189,Jan
1376,Levy Has Terrible News,2022-01-08,60071,3678,189,Jan
1377,Levy Has Terrible News,2022-01-08,60071,3678,189,Jan
1378,Levy Has Terrible News,2022-01-08,60071,3678,189,Jan
1379,Levy Has Terrible News,2022-01-08,60071,3678,189,Jan
1380,Levy Has Terrible News,2022-01-08,60071,3678,189,Jan
1381,Levy Has Terrible News,2022-01-08,60071,3678,189,Jan
1382,Levy Has Terrible News,2022-01-08,60071,3678,189,Jan
1383,Levy Has Terrible News,2022-01-08,60071,3678,189,Jan
1384,Levy Has Terrible News,2022-01-08,60071,3678,189,Jan
1385,Levy Has Terrible News,2022-01-08,60071,3678,189,Jan
1386,Levy Has Terrible News,2022-01-08,60071,3678,189,Jan
1387,Levy Has Terrible News,2022-01-08,60071,3678,189,Jan
1388,Levy Has Terrible News,2022-01-08,60071,3678,189,Jan
1389,Levy Has Terrible News,2022-01-08,60071,3678,189,Jan
1390,Levy Has Terrible News,2022-01-08,60071,3678,189,Jan
1391,Levy Has Terrible News,2022-01-08,60071,3678,189,Jan
1392,Levy Has Terrible News,2022-01-08,60071,3678,189,Jan
1393,Levy Has Terrible News,2022-01-08,60071,3678,189,Jan
1394,Levy Has Terrible News,2022-01-08,60071,3678,189,Jan
1395,Levy Has Terrible News,2022-01-08,60071,3678,189,Jan
1396,Levy Has Terrible News,2022-01-08,60071,3678,189,Jan
1397,Levy Has Terrible News,2022-01-08,60071,3678,189,Jan
1398,Levy Has Terrible News,2022-01-08,60071,3678,189,Jan
1399,Levy Has Terrible News,2022-01-08,60071,3678,189,Jan
1400,Why Chess Players Are DISGUSTING,2021-12-05,75909,3207,111,Dec
1401,Why Chess Players Are DISGUSTING,2021-12-05,75909,3207,111,Dec
1402,Why Chess Players Are DISGUSTING,2021-12-05,75909,3207,111,Dec
1403,Why Chess Players Are DISGUSTING,2021-12-05,75909,3207,111,Dec
1404,Why Chess Players Are DISGUSTING,2021-12-05,75909,3207,111,Dec
1405,Why Chess Players Are DISGUSTING,2021-12-05,75909,3207,111,Dec
1406,Why Chess Players Are DISGUSTING,2021-12-05,75909,3207,111,Dec
1407,Why Chess Players Are DISGUSTING,2021-12-05,75909,3207,111,Dec
1408,Why Chess Players Are DISGUSTING,2021-12-05,75909,3207,111,Dec
1409,Why Chess Players Are DISGUSTING,2021-12-05,75909,3207,111,Dec
1410,Why Chess Players Are DISGUSTING,2021-12-05,75909,3207,111,Dec
1411,Why Chess Players Are DISGUSTING,2021-12-05,75909,3207,111,Dec
1412,Why Chess Players Are DISGUSTING,2021-12-05,75909,3207,111,Dec
1413,Why Chess Players Are DISGUSTING,2021-12-05,75909,3207,111,Dec
1414,Why Chess Players Are DISGUSTING,2021-12-05,75909,3207,111,Dec
1415,Why Chess Players Are DISGUSTING,2021-12-05,75909,3207,111,Dec
1416,Why Chess Players Are DISGUSTING,2021-12-05,75909,3207,111,Dec
1417,Why Chess Players Are DISGUSTING,2021-12-05,75909,3207,111,Dec
1418,Why Chess Players Are DISGUSTING,2021-12-05,75909,3207,111,Dec
1419,Why Chess Players Are DISGUSTING,2021-12-05,75909,3207,111,Dec
1420,Why Chess Players Are DISGUSTING,2021-12-05,75909,3207,111,Dec
1421,Why Chess Players Are DISGUSTING,2021-12-05,75909,3207,111,Dec
1422,Why Chess Players Are DISGUSTING,2021-12-05,75909,3207,111,Dec
1423,Why Chess Players Are DISGUSTING,2021-12-05,75909,3207,111,Dec
1424,Why Chess Players Are DISGUSTING,2021-12-05,75909,3207,111,Dec
1425,Why Chess Players Are DISGUSTING,2021-12-05,75909,3207,111,Dec
1426,Why Chess Players Are DISGUSTING,2021-12-05,75909,3207,111,Dec
1427,Why Chess Players Are DISGUSTING,2021-12-05,75909,3207,111,Dec
1428,Why Chess Players Are DISGUSTING,2021-12-05,75909,3207,111,Dec
1429,Why Chess Players Are DISGUSTING,2021-12-05,75909,3207,111,Dec
1430,Why Chess Players Are DISGUSTING,2021-12-05,75909,3207,111,Dec
1431,Why Chess Players Are DISGUSTING,2021-12-05,75909,3207,111,Dec
1432,Why Chess Players Are DISGUSTING,2021-12-05,75909,3207,111,Dec
1433,Why Chess Players Are DISGUSTING,2021-12-05,75909,3207,111,Dec
1434,Why Chess Players Are DISGUSTING,2021-12-05,75909,3207,111,Dec
1435,Why Chess Players Are DISGUSTING,2021-12-05,75909,3207,111,Dec
1436,Why Chess Players Are DISGUSTING,2021-12-05,75909,3207,111,Dec
1437,Why Chess Players Are DISGUSTING,2021-12-05,75909,3207,111,Dec
1438,Why Chess Players Are DISGUSTING,2021-12-05,75909,3207,111,Dec
1439,Why Chess Players Are DISGUSTING,2021-12-05,75909,3207,111,Dec
1440,Why Chess Players Are DISGUSTING,2021-12-05,75909,3207,111,Dec
1441,Why Chess Players Are DISGUSTING,2021-12-05,75909,3207,111,Dec
1442,Why Chess Players Are DISGUSTING,2021-12-05,75909,3207,111,Dec
1443,Why Chess Players Are DISGUSTING,2021-12-05,75909,3207,111,Dec
1444,Why Chess Players Are DISGUSTING,2021-12-05,75909,3207,111,Dec
1445,Why Chess Players Are DISGUSTING,2021-12-05,75909,3207,111,Dec
1446,Why Chess Players Are DISGUSTING,2021-12-05,75909,3207,111,Dec
1447,Why Chess Players Are DISGUSTING,2021-12-05,75909,3207,111,Dec
1448,Why Chess Players Are DISGUSTING,2021-12-05,75909,3207,111,Dec
1449,Why Chess Players Are DISGUSTING,2021-12-05,75909,3207,111,Dec
1450,Levy Beats A 2800 Grandmaster!,2021-11-15,88895,4219,123,Nov
1451,Levy Beats A 2800 Grandmaster!,2021-11-15,88895,4219,123,Nov
1452,Levy Beats A 2800 Grandmaster!,2021-11-15,88895,4219,123,Nov
1453,Levy Beats A 2800 Grandmaster!,2021-11-15,88895,4219,123,Nov
1454,Levy Beats A 2800 Grandmaster!,2021-11-15,88895,4219,123,Nov
1455,Levy Beats A 2800 Grandmaster!,2021-11-15,88895,4219,123,Nov
1456,Levy Beats A 2800 Grandmaster!,2021-11-15,88895,4219,123,Nov
1457,Levy Beats A 2800 Grandmaster!,2021-11-15,88895,4219,123,Nov
1458,Levy Beats A 2800 Grandmaster!,2021-11-15,88895,4219,123,Nov
1459,Levy Beats A 2800 Grandmaster!,2021-11-15,88895,4219,123,Nov
1460,Levy Beats A 2800 Grandmaster!,2021-11-15,88895,4219,123,Nov
1461,Levy Beats A 2800 Grandmaster!,2021-11-15,88895,4219,123,Nov
1462,Levy Beats A 2800 Grandmaster!,2021-11-15,88895,4219,123,Nov
1463,Levy Beats A 2800 Grandmaster!,2021-11-15,88895,4219,123,Nov
1464,Levy Beats A 2800 Grandmaster!,2021-11-15,88895,4219,123,Nov
1465,Levy Beats A 2800 Grandmaster!,2021-11-15,88895,4219,123,Nov
1466,Levy Beats A 2800 Grandmaster!,2021-11-15,88895,4219,123,Nov
1467,Levy Beats A 2800 Grandmaster!,2021-11-15,88895,4219,123,Nov
1468,Levy Beats A 2800 Grandmaster!,2021-11-15,88895,4219,123,Nov
1469,Levy Beats A 2800 Grandmaster!,2021-11-15,88895,4219,123,Nov
1470,Levy Beats A 2800 Grandmaster!,2021-11-15,88895,4219,123,Nov
1471,Levy Beats A 2800 Grandmaster!,2021-11-15,88895,4219,123,Nov
1472,Levy Beats A 2800 Grandmaster!,2021-11-15,88895,4219,123,Nov
1473,Levy Beats A 2800 Grandmaster!,2021-11-15,88895,4219,123,Nov
1474,Levy Beats A 2800 Grandmaster!,2021-11-15,88895,4219,123,Nov
1475,Levy Beats A 2800 Grandmaster!,2021-11-15,88895,4219,123,Nov
1476,Levy Beats A 2800 Grandmaster!,2021-11-15,88895,4219,123,Nov
1477,Levy Beats A 2800 Grandmaster!,2021-11-15,88895,4219,123,Nov
1478,Levy Beats A 2800 Grandmaster!,2021-11-15,88895,4219,123,Nov
1479,Levy Beats A 2800 Grandmaster!,2021-11-15,88895,4219,123,Nov
1480,Levy Beats A 2800 Grandmaster!,2021-11-15,88895,4219,123,Nov
1481,Levy Beats A 2800 Grandmaster!,2021-11-15,88895,4219,123,Nov
1482,Levy Beats A 2800 Grandmaster!,2021-11-15,88895,4219,123,Nov
1483,Levy Beats A 2800 Grandmaster!,2021-11-15,88895,4219,123,Nov
1484,Levy Beats A 2800 Grandmaster!,2021-11-15,88895,4219,123,Nov
1485,Levy Beats A 2800 Grandmaster!,2021-11-15,88895,4219,123,Nov
1486,Levy Beats A 2800 Grandmaster!,2021-11-15,88895,4219,123,Nov
1487,Levy Beats A 2800 Grandmaster!,2021-11-15,88895,4219,123,Nov
1488,Levy Beats A 2800 Grandmaster!,2021-11-15,88895,4219,123,Nov
1489,Levy Beats A 2800 Grandmaster!,2021-11-15,88895,4219,123,Nov
1490,Levy Beats A 2800 Grandmaster!,2021-11-15,88895,4219,123,Nov
1491,Levy Beats A 2800 Grandmaster!,2021-11-15,88895,4219,123,Nov
1492,Levy Beats A 2800 Grandmaster!,2021-11-15,88895,4219,123,Nov
1493,Levy Beats A 2800 Grandmaster!,2021-11-15,88895,4219,123,Nov
1494,Levy Beats A 2800 Grandmaster!,2021-11-15,88895,4219,123,Nov
1495,Levy Beats A 2800 Grandmaster!,2021-11-15,88895,4219,123,Nov
1496,Levy Beats A 2800 Grandmaster!,2021-11-15,88895,4219,123,Nov
1497,Levy Beats A 2800 Grandmaster!,2021-11-15,88895,4219,123,Nov
1498,Levy Beats A 2800 Grandmaster!,2021-11-15,88895,4219,123,Nov
1499,Levy Beats A 2800 Grandmaster!,2021-11-15,88895,4219,123,Nov
1500,How Levy Met Lucy,2021-10-05,245179,10943,331,Oct
1501,How Levy Met Lucy,2021-10-05,245179,10943,331,Oct
1502,How Levy Met Lucy,2021-10-05,245179,10943,331,Oct
1503,How Levy Met Lucy,2021-10-05,245179,10943,331,Oct
1504,How Levy Met Lucy,2021-10-05,245179,10943,331,Oct
1505,How Levy Met Lucy,2021-10-05,245179,10943,331,Oct
1506,How Levy Met Lucy,2021-10-05,245179,10943,331,Oct
1507,How Levy Met Lucy,2021-10-05,245179,10943,331,Oct
1508,How Levy Met Lucy,2021-10-05,245179,10943,331,Oct
1509,How Levy Met Lucy,2021-10-05,245179,10943,331,Oct
1510,How Levy Met Lucy,2021-10-05,245179,10943,331,Oct
1511,How Levy Met Lucy,2021-10-05,245179,10943,331,Oct
1512,How Levy Met Lucy,2021-10-05,245179,10943,331,Oct
1513,How Levy Met Lucy,2021-10-05,245179,10943,331,Oct
1514,How Levy Met Lucy,2021-10-05,245179,10943,331,Oct
1515,How Levy Met Lucy,2021-10-05,245179,10943,331,Oct
1516,How Levy Met Lucy,2021-10-05,245179,10943,331,Oct
1517,How Levy Met Lucy,2021-10-05,245179,10943,331,Oct
1518,How Levy Met Lucy,2021-10-05,245179,10943,331,Oct
1519,How Levy Met Lucy,2021-10-05,245179,10943,331,Oct
1520,How Levy Met Lucy,2021-10-05,245179,10943,331,Oct
1521,How Levy Met Lucy,2021-10-05,245179,10943,331,Oct
1522,How Levy Met Lucy,2021-10-05,245179,10943,331,Oct
1523,How Levy Met Lucy,2021-10-05,245179,10943,331,Oct
1524,How Levy Met Lucy,2021-10-05,245179,10943,331,Oct
1525,How Levy Met Lucy,2021-10-05,245179,10943,331,Oct
1526,How Levy Met Lucy,2021-10-05,245179,10943,331,Oct
1527,How Levy Met Lucy,2021-10-05,245179,10943,331,Oct
1528,How Levy Met Lucy,2021-10-05,245179,10943,331,Oct
1529,How Levy Met Lucy,2021-10-05,245179,10943,331,Oct
1530,How Levy Met Lucy,2021-10-05,245179,10943,331,Oct
1531,How Levy Met Lucy,2021-10-05,245179,10943,331,Oct
1532,How Levy Met Lucy,2021-10-05,245179,10943,331,Oct
1533,How Levy Met Lucy,2021-10-05,245179,10943,331,Oct
1534,How Levy Met Lucy,2021-10-05,245179,10943,331,Oct
1535,How Levy Met Lucy,2021-10-05,245179,10943,331,Oct
1536,How Levy Met Lucy,2021-10-05,245179,10943,331,Oct
1537,How Levy Met Lucy,2021-10-05,245179,10943,331,Oct
1538,How Levy Met Lucy,2021-10-05,245179,10943,331,Oct
1539,How Levy Met Lucy,2021-10-05,245179,10943,331,Oct
1540,How Levy Met Lucy,2021-10-05,245179,10943,331,Oct
1541,How Levy Met Lucy,2021-10-05,245179,10943,331,Oct
1542,How Levy Met Lucy,2021-10-05,245179,10943,331,Oct
1543,How Levy Met Lucy,2021-10-05,245179,10943,331,Oct
1544,How Levy Met Lucy,2021-10-05,245179,10943,331,Oct
1545,How Levy Met Lucy,2021-10-05,245179,10943,331,Oct
1546,How Levy Met Lucy,2021-10-05,245179,10943,331,Oct
1547,How Levy Met Lucy,2021-10-05,245179,10943,331,Oct
1548,How Levy Met Lucy,2021-10-05,245179,10943,331,Oct
1549,How Levy Met Lucy,2021-10-05,245179,10943,331,Oct
1550,Levy's Best Position EVER,2021-09-17,99065,4165,133,Sep
1551,Levy's Best Position EVER,2021-09-17,99065,4165,133,Sep
1552,Levy's Best Position EVER,2021-09-17,99065,4165,133,Sep
1553,Levy's Best Position EVER,2021-09-17,99065,4165,133,Sep
1554,Levy's Best Position EVER,2021-09-17,99065,4165,133,Sep
1555,Levy's Best Position EVER,2021-09-17,99065,4165,133,Sep
1556,Levy's Best Position EVER,2021-09-17,99065,4165,133,Sep
1557,Levy's Best Position EVER,2021-09-17,99065,4165,133,Sep
1558,Levy's Best Position EVER,2021-09-17,99065,4165,133,Sep
1559,Levy's Best Position EVER,2021-09-17,99065,4165,133,Sep
1560,Levy's Best Position EVER,2021-09-17,99065,4165,133,Sep
1561,Levy's Best Position EVER,2021-09-17,99065,4165,133,Sep
1562,Levy's Best Position EVER,2021-09-17,99065,4165,133,Sep
1563,Levy's Best Position EVER,2021-09-17,99065,4165,133,Sep
1564,Levy's Best Position EVER,2021-09-17,99065,4165,133,Sep
1565,Levy's Best Position EVER,2021-09-17,99065,4165,133,Sep
1566,Levy's Best Position EVER,2021-09-17,99065,4165,133,Sep
1567,Levy's Best Position EVER,2021-09-17,99065,4165,133,Sep
1568,Levy's Best Position EVER,2021-09-17,99065,4165,133,Sep
1569,Levy's Best Position EVER,2021-09-17,99065,4165,133,Sep
1570,Levy's Best Position EVER,2021-09-17,99065,4165,133,Sep
1571,Levy's Best Position EVER,2021-09-17,99065,4165,133,Sep
1572,Levy's Best Position EVER,2021-09-17,99065,4165,133,Sep
1573,Levy's Best Position EVER,2021-09-17,99065,4165,133,Sep
1574,Levy's Best Position EVER,2021-09-17,99065,4165,133,Sep
1575,Levy's Best Position EVER,2021-09-17,99065,4165,133,Sep
1576,Levy's Best Position EVER,2021-09-17,99065,4165,133,Sep
1577,Levy's Best Position EVER,2021-09-17,99065,4165,133,Sep
1578,Levy's Best Position EVER,2021-09-17,99065,4165,133,Sep
1579,Levy's Best Position EVER,2021-09-17,99065,4165,133,Sep
1580,Levy's Best Position EVER,2021-09-17,99065,4165,133,Sep
1581,Levy's Best Position EVER,2021-09-17,99065,4165,133,Sep
1582,Levy's Best Position EVER,2021-09-17,99065,4165,133,Sep
1583,Levy's Best Position EVER,2021-09-17,99065,4165,133,Sep
1584,Levy's Best Position EVER,2021-09-17,99065,4165,133,Sep
1585,Levy's Best Position EVER,2021-09-17,99065,4165,133,Sep
1586,Levy's Best Position EVER,2021-09-17,99065,4165,133,Sep
1587,Levy's Best Position EVER,2021-09-17,99065,4165,133,Sep
1588,Levy's Best Position EVER,2021-09-17,99065,4165,133,Sep
1589,Levy's Best Position EVER,2021-09-17,99065,4165,133,Sep
1590,Levy's Best Position EVER,2021-09-17,99065,4165,133,Sep
1591,Levy's Best Position EVER,2021-09-17,99065,4165,133,Sep
1592,Levy's Best Position EVER,2021-09-17,99065,4165,133,Sep
1593,Levy's Best Position EVER,2021-09-17,99065,4165,133,Sep
1594,Levy's Best Position EVER,2021-09-17,99065,4165,133,Sep
1595,Levy's Best Position EVER,2021-09-17,99065,4165,133,Sep
1596,Levy's Best Position EVER,2021-09-17,99065,4165,133,Sep
1597,Levy's Best Position EVER,2021-09-17,99065,4165,133,Sep
1598,Levy's Best Position EVER,2021-09-17,99065,4165,133,Sep
1599,Levy's Best Position EVER,2021-09-17,99065,4165,133,Sep
1600,Levy and Anish and Towels,2021-08-27,61403,3677,133,Aug
1601,Levy and Anish and Towels,2021-08-27,61403,3677,133,Aug
1602,Levy and Anish and Towels,2021-08-27,61403,3677,133,Aug
1603,Levy and Anish and Towels,2021-08-27,61403,3677,133,Aug
1604,Levy and Anish and Towels,2021-08-27,61403,3677,133,Aug
1605,Levy and Anish and Towels,2021-08-27,61403,3677,133,Aug
1606,Levy and Anish and Towels,2021-08-27,61403,3677,133,Aug
1607,Levy and Anish and Towels,2021-08-27,61403,3677,133,Aug
1608,Levy and Anish and Towels,2021-08-27,61403,3677,133,Aug
1609,Levy and Anish and Towels,2021-08-27,61403,3677,133,Aug
1610,Levy and Anish and Towels,2021-08-27,61403,3677,133,Aug
1611,Levy and Anish and Towels,2021-08-27,61403,3677,133,Aug
1612,Levy and Anish and Towels,2021-08-27,61403,3677,133,Aug
1613,Levy and Anish and Towels,2021-08-27,61403,3677,133,Aug
1614,Levy and Anish and Towels,2021-08-27,61403,3677,133,Aug
1615,Levy and Anish and Towels,2021-08-27,61403,3677,133,Aug
1616,Levy and Anish and Towels,2021-08-27,61403,3677,133,Aug
1617,Levy and Anish and Towels,2021-08-27,61403,3677,133,Aug
1618,Levy and Anish and Towels,2021-08-27,61403,3677,133,Aug
1619,Levy and Anish and Towels,2021-08-27,61403,3677,133,Aug
1620,Levy and Anish and Towels,2021-08-27,61403,3677,133,Aug
1621,Levy and Anish and Towels,2021-08-27,61403,3677,133,Aug
